Lake;NA;NA;NA;NA;LSA;LSA;LSA;LSA;LSA;LSA;LSA;LSA;LSA;LSA;LSA;LSA;LSA;LSA;LSA;LSA;LSA;LSA;LSA;LSA;LSA;LSA;LSA;LSA;LSA;LSA;LSA;LSC;LSC;LSC;LSC;LSC;LSC;LSC;LSC;LSC;LSC;LSC;LSC;LSC;LSC;LSC;LSC;LSC;LSC;LSC;LSC;LSC;LSC;LSC;LSC;LSC;LSC;LSC;LSC;LSC;LSC;LSC;LSC;LSC;LCL;LCL;LCL;LCL;LCL;LCL;LCL;LCL;LCL;LCL;LCL;LCL;LCL;LCL;LCL;LCL;LCL;LCL;LCL;LCL;LCL;LCL;LCL;LCL;LCL;LCL;LCL;LCT;LCT;LCT;LCT;LCT;LCT;LCT;LCT;LCT;LCT;LCT;LCT;LCT;LCT;LCT;LCT;LCT;LCT;LCT;LCT;LCT
Replicate;NA;NA;NA;NA;1;2;3;1;2;3;1;2;3;1;2;3;1;2;3;1;2;3;1;2;3;1;2;3;1;2;3;1;2;3;1;2;3;1;2;3;1;2;3;1;2;3;1;2;3;1;2;3;1;2;3;1;2;3;janv-24;févr-24;mars-24;janv-31;févr-31;mars-31;3;2;1;3;2;1;3;2;1;3;2;1;3;2;1;3;2;1;3;2;1;3;2;1;1;2;3;3;2;1;1;2;3;3;2;1;3;2;1;1;2;3;3;2;1;3;2;1
Month;NA;NA;NA;NA;Sep;Sep;Sep;Jul;Jul;Jul;May;May;May;Mar;Mar;Mar;Feb;Feb;Feb;Jan;Jan;Jan;Feb;Feb;Feb;Oct;Oct;Oct;Aug;Aug;Aug;Mar;Mar;Mar;Aug;Aug;Aug;Oct;Oct;Oct;May;May;May;Jan;Jan;Jan;Feb;Feb;Feb;Mar;Mar;Mar;May;May;May;Jul;Jul;Jul;Aug;Aug;Aug;Aug;Aug;Aug;Sep;Sep;Sep;Jul;Jul;Jul;May;May;May;Mar;Mar;Mar;Feb;Feb;Feb;Jan;Jan;Jan;Nov;Nov;Nov;Sep;Sep;Sep;Feb;Feb;Feb;Sep;Sep;Sep;Jul;Jul;Jul;May;May;May;Mar;Mar;Mar;Feb;Feb;Feb;Jan;Jan;Jan;Oct;Oct;Oct
Year;NA;NA;NA;NA;17;17;17;17;17;17;17;17;17;17;17;17;17;17;17;17;17;17;16;16;16;16;16;16;16;16;16;16;16;16;16;16;16;16;16;16;16;16;16;17;17;17;17;17;17;17;17;17;17;17;17;17;17;17;17;17;17;17;17;17;17;17;17;17;17;17;17;17;17;17;17;17;17;17;17;17;17;17;16;16;16;16;16;16;16;16;16;17;17;17;17;17;17;17;17;17;17;17;17;17;17;17;17;17;17;16;16;16
Season;NA;NA;NA;NA;Summer;Summer;Summer;Summer;Summer;Summer;Summer;Summer;Summer;Winter;Winter;Winter;Winter;Winter;Winter;Winter;Winter;Winter;Winter;Winter;Winter;Summer;Summer;Summer;Summer;Summer;Summer;Winter;Winter;Winter;Summer;Summer;Summer;Summer;Summer;Summer;Summer;Summer;Summer;Winter;Winter;Winter;Winter;Winter;Winter;Winter;Winter;Winter;Summer;Summer;Summer;Summer;Summer;Summer;Summer;Summer;Summer;Summer;Summer;Summer;Summer;Summer;Summer;Summer;Summer;Summer;Summer;Summer;Summer;Winter;Winter;Winter;Winter;Winter;Winter;Winter;Winter;Winter;Summer;Summer;Summer;Summer;Summer;Summer;Winter;Winter;Winter;Summer;Summer;Summer;Summer;Summer;Summer;Summer;Summer;Summer;Winter;Winter;Winter;Winter;Winter;Winter;Winter;Winter;Winter;Summer;Summer;Summer
Dilution;NA;NA;NA;NA;1;1;1;4;3;4;1;1;1;1;1;1;1;1;1;1;1;1;4;4;4;1;1;1;2;3;3;1;1;1;1;1;1;1;1;1;1;1;1;1;1;1;1;1;1;1;1;1;1;1;1;1;1;1;1;1;1;1;1;1;1;1;1;1;1;1;1;1;1;1;1;1;1;1;1;1;1;1;1;1;1;1;1;1;1;1;1;1;1;1;1;1;1;1;1;1;1;1;1;1;1;1;1;1;1;1;1;1
Filtration_volume_mL;NA;NA;NA;NA;100;100;100;100;100;100;100;100;100;200;150;175;100;100;200;200;200;200;200;200;200;100;100;100;200;200;200;300;300;300;200;200;200;155;140;150;180;200;200;200;200;200;250;250;250;200;200;200;150;100;100;300;150;150;100;100;100;150;150;150;200;200;200;300;300;300;150;150;150;400;400;400;250;250;250;200;200;200;150;150;150;200;200;200;300;300;300;250;250;250;300;150;150;200;200;200;250;250;250;300;300;300;300;300;300;300;300;300
Time;0me;Specter;Factor;Molar_mass;LSA_sep_17;LSA_sep_17;LSA_sep_17;LSA_jul_17;LSA_jul_17;LSA_jul_17;LSA_may_17;LSA_may_17;LSA_may_17;LSA_mar_17;LSA_mar_17;LSA_mar_17;LSA_feb_17;LSA_feb_17;LSA_feb_17;LSA_jan_17;LSA_jan_17;LSA_jan_17;LSA_feb_16;LSA_feb_16;LSA_feb_16;LSA_oct_16;LSA_oct_16;LSA_oct_16;LSA_aug_16;LSA_aug_16;LSA_aug_16;LSC_mar_16;LSC_mar_16;LSC_mar_16;LSC_aug_16;LSC_aug_16;LSC_aug_16;LSC_oct_16;LSC_oct_16;LSC_oct_16;LSC_may_16;LSC_may_16;LSC_may_16;LSC_jan_17;LSC_jan_17;LSC_jan_17;LSC_feb_17;LSC_feb_17;LSC_feb_17;LSC_mar_17;LSC_mar_17;LSC_mar_17;LSC_may_17;LSC_may_17;LSC_may_17;LSC_jul_17;LSC_jul_17;LSC_jul_17;LSC_24_aug_17;LSC_24_aug_17;LSC_24_aug_17;LSC_31_aug_17;LSC_31_aug_17;LSC_31_aug_17;LCL_sep_17;LCL_sep_17;LCL_sep_17;LCL_jul_17;LCL_jul_17;LCL_jul_17;LCL_may_17;LCL_may_17;LCL_may_17;LCL_mar_17;LCL_mar_17;LCL_mar_17;LCL_feb_17;LCL_feb_17;LCL_feb_17;LCL_jan_17;LCL_jan_17;LCL_jan_17;LCL_nov_16;LCL_nov_16;LCL_nov_16;LCL_sep_16;LCL_sep_16;LCL_sep_16;LCL_feb_16;LCL_feb_16;LCL_feb_16;LCT_sep_17;LCT_sep_17;LCT_sep_17;LCT_jul_17;LCT_jul_17;LCT_jul_17;LCT_may_17;LCT_may_17;LCT_may_17;LCT_mar_17;LCT_mar_17;LCT_mar_17;LCT_feb_17;LCT_feb_17;LCT_feb_17;LCT_jan_17;LCT_jan_17;LCT_jan_17;LCT_oct_16;LCT_oct_16;LCT_oct_16
2.48;x.f.2.48;fluo;1.33E-08;893.49;4029;2286;2144;0;0;0;0;0;0;0;0;0;0;0;0;0;0;0;0;0;0;0;0;0;0;0;0;0;0;0;0;0;0;0;0;0;0;0;0;0;0;0;0;0;0;0;0;0;0;0;0;0;0;0;0;0;0;0;0;0;0;0;0;0;0;0;0;0;0;0;0;0;0;0;0;0;0;0;0;0;0;0;0;0;0;0;0;0;0;0;0;0;0;0;0;0;0;0;0;0;0;0;0;0;0;0;0;0
2.6;x.f.2.603;fluo;1.33E-08;893.49;0;0;0;0;0;0;0;0;0;0;0;0;0;0;0;0;0;0;0;0;0;0;0;0;0;0;0;0;0;0;0;0;0;0;0;0;0;0;0;0;0;0;0;0;0;0;0;0;0;0;0;0;0;0;0;0;0;0;0;0;0;0;0;0;0;0;0;0;0;0;0;0;0;0;0;0;0;0;0;0;0;0;0;0;0;0;0;0;0;0;0;0;0;0;0;0;0;0;0;0;0;0;0;0;0;0;0;0
2.71;x.f.2.71;fluo;1.33E-08;893.49;0;0;0;0;0;0;0;0;0;0;0;0;0;0;0;0;0;0;0;0;0;0;0;0;2365;5096;5007;0;0;0;0;0;0;0;0;0;0;0;0;0;0;0;0;0;0;0;0;0;0;0;0;0;0;0;0;0;0;0;0;0;0;0;0;0;0;0;0;0;0;0;0;0;0;0;0;0;0;0;0;0;0;0;0;0;0;0;0;0;0;0;0;0;0;0;0;0;0;0;0;0;0;0;0;0;0;0;0;0
3.42;x.f.3.42;fluo;1.33E-08;893.49;0;0;627;0;0;0;0;0;0;0;0;0;0;0;0;0;0;0;0;0;0;0;0;0;0;0;0;0;0;0;606;0;0;0;0;0;0;0;0;881;0;0;0;0;0;0;0;0;0;0;0;0;0;0;0;0;0;0;0;0;0;0;0;0;0;0;0;0;0;0;0;0;0;0;0;0;0;0;0;0;0;0;0;0;0;0;0;0;0;0;0;0;0;0;0;0;0;0;0;0;0;0;0;0;0;0;0;0
3.91;x.f.3.91;fluo;1.33E-08;893.49;0;0;0;0;0;0;0;0;0;0;0;0;0;0;0;0;0;0;0;0;0;1234;0;1552;0;0;0;0;0;0;0;0;0;0;0;0;0;0;0;0;0;0;0;0;0;0;0;0;0;0;0;0;0;0;0;0;0;0;0;0;0;0;0;0;0;0;0;0;0;0;0;0;0;0;0;0;0;0;0;0;0;0;0;0;0;0;0;0;0;0;0;0;0;0;0;0;0;0;0;0;0;0;0;0;0;0;0;0
4.36;chlorophyllide_b;fluo;1.33E-08;614.97;0;0;0;0;0;0;0;0;0;0;0;0;0;0;0;0;0;0;0;0;0;0;0;0;0;0;0;0;0;0;0;0;0;0;0;0;0;0;0;0;0;0;0;0;0;0;0;0;0;0;0;0;0;0;0;0;0;0;0;0;0;0;0;0;0;0;0;0;0;0;0;0;0;0;0;0;0;0;0;0;0;0;0;0;0;0;0;0;0;0;0;0;0;0;0;0;0;0;0;0;0;0;0;0;0;0;0;0
4.63;x.f.4.63;fluo;1.33E-08;893.49;2258;1011;1525;0;0;0;0;0;0;0;0;0;0;0;0;0;0;0;0;0;0;0;0;0;5129;5142;6506;0;0;0;0;0;0;0;0;0;0;0;0;0;0;0;0;0;0;0;0;0;0;0;0;0;0;0;0;0;0;0;0;0;0;0;0;0;0;0;0;0;0;0;0;0;0;0;0;0;0;0;0;0;0;0;0;0;0;0;0;0;0;0;0;0;0;0;0;0;0;0;0;0;0;0;0;0;0;0;0;0
4.85;x.f.4.85;fluo;1.33E-08;893.49;0;0;0;0;0;0;0;531;2756;0;0;0;0;0;0;0;0;0;1951;2103;3773;0;0;0;0;0;0;0;0;0;0;0;0;0;0;0;0;0;0;0;0;0;0;0;0;0;0;0;0;0;0;0;0;0;0;0;0;0;0;0;0;0;0;0;0;0;0;0;0;0;0;0;0;0;0;0;0;0;0;0;0;0;0;0;0;0;0;0;0;0;0;0;0;0;0;0;0;0;0;0;0;0;0;0;0;0;0;0
5.31;chl_c3;fluo;2.60E-08;652.94;955;0;1007;0;2530;0;16392;16288;16671;0;0;0;1230;2404;3237;0;3111;3345;0;0;0;42187;41203;41937;0;0;0;0;0;0;0;0;0;0;1089;816;918;813;731;760;0;0;0;0;0;0;0;0;0;0;0;0;0;0;0;0;0;0;617;1058;0;0;0;2420;2041;2495;0;0;0;0;0;0;0;0;0;0;0;0;0;0;0;0;0;0;0;0;0;0;0;0;0;0;0;0;0;0;0;0;0;0;0;0;0;0;0;0;0;0
5.75;unk_chl_MV-chl c3-rel_5.69min;fluo;2.60E-08;652.94;2601;1539;2327;622;1141;3671;4710;5156;5442;0;0;0;0;0;812;0;1021;1514;34401;27115;34055;5859;5352;6769;18868;24925;23181;0;0;0;64112;61340;82180;25579;26677;25482;17159;16433;16965;0;0;0;11789;31318;28304;0;1381;0;3459;3807;3617;32369;20960;23850;25793;10167;15415;24418;24120;28503;5445;5995;5262;7253;6848;7536;9553;12525;11634;0;0;0;0;0;0;0;0;0;5782;2401;4166;7381;4545;5410;0;0;0;5729;5281;5639;8504;4925;5372;6435;5850;5661;13793;6154;6225;29654;30658;15689;52550;2258;137935;9646;8073;8695
5.85;chl_c3_and_MV-chl_c3;fluo;2.60E-08;652.94;0;0;0;0;0;0;0;0;0;0;0;0;0;0;655;0;0;666;0;0;0;0;0;0;0;0;0;1101;0;3055;0;0;0;0;0;0;0;0;0;81098;9399;23684;0;0;0;0;0;0;0;0;0;0;0;0;0;0;0;0;0;0;0;0;0;0;0;0;0;0;0;0;0;0;0;0;0;0;0;0;0;0;0;0;0;0;0;0;0;0;0;0;0;0;0;0;0;0;0;0;0;0;0;0;0;0;0;0;0;0
6.09;x.f.6.09;fluo;1.33E-08;893.49;0;0;0;0;0;0;0;0;0;0;0;0;0;0;0;0;0;0;0;0;0;0;0;0;0;0;0;0;0;0;0;0;0;0;0;0;0;0;0;0;0;0;0;0;0;0;0;0;0;0;0;0;0;0;0;0;0;0;0;0;0;0;0;0;0;0;0;0;0;0;0;0;0;0;0;0;0;0;0;0;0;0;0;0;0;0;0;0;0;0;0;0;0;1085;1209;0;1795;1663;1841;0;0;0;0;0;0;0;0;0
6.2;unk_chl_chlc2-related_6.2min;fluo;3.42E-09;608.93;6723;4176;4190;5629;1684;14216;1618;0;1422;0;0;0;0;671;0;0;1325;2367;37904;39923;42141;4015;3428;4734;57552;74297;79041;0;0;0;8626;8916;11038;4598;3061;5395;910;0;851;11699;918;3665;1340;4849;3949;0;0;0;997;1057;890;4908;3012;3381;2712;1857;2930;4468;4967;5611;0;0;0;0;0;0;0;2305;0;0;0;0;0;0;0;0;0;0;0;0;0;1455;0;0;0;0;0;0;0;0;0;0;0;0;0;0;0;0;0;3343;2244;2152;0;0;4956;0;0;1192
6.59;x.f.6.59;fluo;1.33E-08;893.49;10157;0;4955;7136;0;17866;0;0;0;0;0;0;0;0;0;0;0;0;0;0;0;0;0;0;96880;132292;161299;0;0;0;0;4613;5328;0;0;0;0;0;0;0;0;0;0;0;0;0;0;0;0;0;0;0;0;0;0;0;0;0;0;0;0;0;0;0;0;0;0;0;0;0;0;0;0;0;0;0;0;0;0;0;0;0;0;0;0;0;0;0;0;0;0;0;0;0;0;0;0;0;0;0;0;0;0;0;0;0;0;0
6.83;chlorophyllide_a;fluo;1.33E-08;614.97;10830;11934;7922;3867;10754;0;13779;10474;20606;3583;2047;1311;936;4688;3319;2387;6449;10509;195607;146788;199515;25190;22561;28603;47763;53620;53125;0;0;1038;31347;30627;45286;9239;6973;8049;2057;3435;3467;1649;721;0;0;0;0;0;938;1152;2009;1914;1252;2951;2234;1907;3095;2557;2104;4633;4369;5493;1136;1496;1834;2200;1890;2301;0;0;776;0;0;0;0;0;0;1236;0;0;1167;643;553;3008;2278;2441;0;0;0;0;1354;1436;2568;1827;0;1879;1985;2076;1383;827;1894;877;1351;1156;5959;638;9421;5487;3167;3489
7.28;MgDVP;fluo;3.34E-09;610.94;74824;56080;62867;0;0;0;23658;21326;21286;6186;5264;4839;0;3777;5584;0;8805;0;0;0;0;21844;19970;25218;0;0;0;4604;4259;2100;25445;23538;29794;15450;17762;15539;16860;17450;17561;13530;10802;18222;1519;1941;2709;4360;5594;4577;4895;3490;3211;16428;12003;11077;5207;2070;2757;14147;14850;18370;5190;6722;5996;10838;10920;13527;4587;4103;4942;2414;2251;3319;0;0;0;0;0;1897;3384;0;0;8965;7338;8683;0;0;0;5612;6572;6939;4639;1778;0;4817;0;4813;4884;3876;5514;4554;4263;4687;13260;8324;15463;6948;7303;6845
7.57;chl_c2;fluo;3.42E-09;608.93;1175609;932059;954587;310976;283434;343788;217875;196569;186645;87405;92545;110099;55314;173688;180173;97635;292028;386750;2709735;2530371;2918596;289325;303209;372837;722808;786171;1046930;32991;33353;15399;76798;81568;97878;112690;106911;82269;32221;30741;32802;129231;62791;89749;52981;59651;76759;63947;93701;83484;24367;19205;14792;50358;35667;36281;56621;22328;26390;57426;50513;61552;33963;35713;36761;51144;50106;56724;14599;16009;17663;35942;35375;53400;2191;3002;2415;49376;61613;35164;38340;26314;31751;49774;33163;41589;46315;63598;47655;34440;24398;27993;27519;15461;19498;40782;31445;34432;76038;59181;47479;66638;76704;69691;79515;31618;156833;42542;45517;40706
8.04;chl_c1-like;fluo;3.42E-09;610.94;5386951;4200967;4345699;957530;859087;1062607;225878;220874;217781;7947;7949;7460;21454;50099;56123;33120;75865;97989;54291;0;0;515701;502175;551417;2522553;2859632;3670253;8569;7714;6328;221954;216856;277294;191981;182390;177669;97065;100821;101498;348993;59362;130581;63747;141202;138998;14672;19058;17568;58493;42833;37794;178558;129285;128501;159209;91671;114128;216900;197119;226143;44286;52275;48656;52048;52003;56721;90831;92924;104592;4101;2596;3616;1204;1396;0;8612;10639;9897;46162;33624;34648;59419;58794;66122;6360;6681;4702;89915;47848;64488;55795;31847;32503;64011;58773;57276;97514;69910;52914;122548;130825;70747;207767;25057;455484;107587;112625;100669
8.37;Methylchlorophyllide_a-like;fluo;1.33E-08;614.97;0;0;0;0;0;0;70435;63427;186945;28543;6960;10076;7817;43599;33985;6698;53444;69562;400967;255249;477154;124220;107163;148728;0;0;0;917;0;1167;39331;37503;19810;16932;0;0;4809;5626;8067;0;5252;0;0;0;0;1481;1575;1142;5717;3296;2894;11930;7110;7358;0;2121;3706;5776;6101;8517;0;0;0;0;0;0;587;0;0;0;0;0;0;0;0;5007;0;0;0;0;0;0;0;0;0;0;2031;6826;6502;0;13760;12045;6547;0;0;6030;0;0;0;0;0;0;0;3452;0;38349;11870;12783
9.04;unk_chl_9.0min;fluo;1.33E-08;893.49;0;2679;0;0;0;0;0;0;0;0;0;0;0;0;0;0;0;0;0;0;0;0;0;0;0;4839;0;1158;2024;0;0;0;0;0;0;0;0;0;0;0;0;0;0;0;0;0;1426;990;0;0;0;0;0;0;678;1095;767;0;0;0;0;0;0;0;0;0;0;0;0;0;0;0;0;0;0;1231;0;0;0;0;0;0;0;0;0;0;0;0;0;0;0;0;0;0;0;0;0;0;0;0;0;0;0;0;0;0;0;0
9.32;x.f.9.32;fluo;1.33E-08;893.49;0;0;0;0;0;0;0;0;0;0;0;0;0;0;0;0;0;0;0;0;0;0;0;0;0;2205;0;0;0;0;0;0;0;0;0;0;0;0;0;0;0;0;0;0;0;0;0;0;0;0;0;0;0;0;0;0;0;0;0;0;0;0;0;0;0;0;0;0;0;0;0;0;0;0;0;0;0;0;0;0;0;0;0;0;0;0;0;0;0;0;0;0;0;0;0;0;0;0;0;0;0;0;0;0;0;0;0;0
9.47;x.f.9.47;fluo;1.33E-08;893.49;0;0;0;0;0;0;0;0;0;0;0;0;0;0;0;0;0;0;0;1631;1649;0;0;869;0;0;0;0;0;0;0;0;0;0;0;0;0;0;0;0;0;0;0;0;0;0;0;0;0;0;0;0;0;0;0;0;0;0;0;0;0;0;0;0;0;0;0;0;0;0;0;0;0;0;0;0;0;0;0;0;0;0;0;0;0;0;0;0;0;0;0;0;0;0;0;0;0;0;0;0;0;0;0;0;0;0;0;0
9.84;x.f.9.84;fluo;1.33E-08;893.49;0;0;0;0;0;0;848;0;2330;1992;0;894;0;2331;1736;0;1610;1745;1088;0;2512;1189;0;2037;0;0;0;0;0;0;0;0;0;0;0;0;0;0;0;0;0;0;0;0;0;0;0;0;0;0;0;0;0;0;0;0;0;0;0;0;0;0;0;0;0;0;0;0;0;0;0;0;0;0;0;0;0;0;0;0;0;0;0;0;0;0;0;0;0;0;0;0;0;0;0;0;0;0;0;0;0;0;0;0;0;0;0;0
10.3;x.f.10.30;fluo;1.33E-08;893.49;0;0;0;0;0;0;0;0;0;0;0;0;0;0;0;0;0;0;4736;6228;6206;0;0;0;0;0;0;0;0;0;0;0;0;0;0;0;0;0;0;0;0;0;0;0;0;0;0;0;0;0;0;0;0;0;0;0;0;0;0;0;0;0;0;0;0;0;0;0;0;0;0;0;0;0;0;0;0;0;0;0;0;0;0;0;0;0;0;0;0;0;0;0;0;0;0;0;0;0;0;0;0;0;0;0;0;0;0;0
10.38;chla_allomer_10.4min;fluo;1.33E-08;893.49;9254;6473;7839;0;0;0;0;1324;0;0;0;0;0;5986;4811;0;6804;9975;0;0;0;6835;7293;7981;1868;576;1862;0;0;0;0;1370;2622;0;2295;0;0;0;0;0;0;0;0;2399;1507;0;0;0;0;0;0;1759;1562;1679;1404;1367;2324;2517;3223;3666;0;0;0;0;0;0;0;0;0;0;0;0;0;0;0;0;0;0;0;0;0;0;0;0;0;0;0;3661;0;0;0;0;0;0;0;0;0;0;0;0;0;0;0;0;0;0;0;0
10.68;pheophorbide_a;fluo;1.29E-07;592.68;0;615;1796;0;0;0;3384;1882;897;0;0;0;0;1293;0;0;917;1229;0;2664;1699;1471;1634;3058;0;0;645;0;0;0;3069;2081;1911;0;1115;729;0;0;1105;0;0;0;0;0;0;0;0;0;0;0;0;1221;821;868;1486;1428;1869;1627;863;2644;0;0;0;0;0;0;0;0;0;0;0;0;0;0;0;0;0;0;0;0;0;0;0;0;0;0;0;0;0;0;0;0;0;0;0;0;0;0;0;0;0;0;0;0;0;0;0;0
10.94;pheophorbide_a-related_11.0min;fluo;1.29E-07;592.68;0;0;0;0;0;0;0;0;0;0;0;0;0;0;0;0;0;0;0;0;0;0;0;825;0;0;0;0;0;0;0;0;1031;0;0;592;0;0;0;0;0;0;0;0;0;0;0;0;0;0;0;2903;1475;1503;0;0;0;0;0;0;0;0;0;0;0;0;0;0;0;0;0;0;0;0;0;0;0;0;0;0;0;0;0;0;0;0;0;0;0;0;0;0;0;0;0;0;0;0;0;0;0;0;0;0;0;0;0;0
11.39;pyropheophorbide_a-like_11.38min;fluo;1.29E-07;534.65;0;0;690;0;0;0;0;0;2647;0;0;0;0;0;0;0;1062;0;3220;2245;0;1873;2806;5499;0;0;973;0;0;0;1431;971;0;0;0;0;0;0;0;0;0;0;0;0;0;0;0;0;0;0;0;2137;1103;1115;1289;950;1075;1933;2301;1116;0;0;0;0;0;0;0;0;0;0;0;0;0;0;0;0;0;0;0;0;0;0;0;0;0;0;0;0;0;0;0;0;0;0;0;0;0;0;0;0;0;0;0;0;0;0;0;0
11.51;x.f.11.51;fluo;1.33E-08;893.49;0;0;0;0;0;0;1793;0;0;0;0;0;0;1242;1924;0;0;0;0;0;4596;0;0;0;2411;0;0;0;0;0;0;0;0;0;0;0;0;0;0;0;0;0;0;0;0;0;0;0;0;0;0;0;0;0;0;0;0;0;0;0;0;0;0;0;0;0;0;0;0;0;0;0;0;0;0;0;0;0;0;0;0;0;0;0;0;0;0;0;0;0;0;0;0;0;0;0;0;0;0;0;0;0;0;0;0;0;0;0
12.62;unk_chla_allomer_12.62min;fluo;1.33E-08;893.49;9894;11776;9044;0;0;0;997;0;0;0;0;0;0;0;0;0;1450;3290;6155;9216;8760;7935;7073;8825;4538;2804;4726;0;0;0;0;0;703;0;0;0;0;0;0;0;0;0;0;0;0;0;0;0;0;0;0;2019;1466;811;0;1260;0;1918;1939;2324;0;0;0;0;0;0;0;0;0;0;0;0;0;0;0;0;0;0;0;0;0;0;0;0;0;0;0;968;0;0;0;0;0;0;0;0;0;0;0;0;0;0;0;0;0;0;0;0
13.07;x.f.13.07;fluo;1.33E-08;893.49;0;0;0;0;0;0;0;0;0;0;0;0;0;0;0;0;0;0;0;0;0;0;0;0;0;0;823;0;0;0;0;0;0;0;0;0;0;0;0;0;0;0;0;0;0;0;0;0;0;0;0;0;0;0;0;0;0;0;0;0;0;0;0;0;0;0;0;0;0;0;0;0;0;0;0;0;0;0;0;0;0;0;0;0;0;0;0;0;0;0;0;0;0;0;0;0;0;0;0;0;0;0;0;0;0;0;0;0
14.1;x.f.14.10;fluo;1.33E-08;893.49;0;0;0;0;0;0;0;0;0;0;0;0;0;0;882;0;0;1263;0;0;0;0;759;906;0;0;0;0;0;0;0;0;0;0;0;0;0;0;0;0;0;0;0;0;0;0;0;0;0;0;0;0;0;0;0;0;0;0;0;0;0;0;0;0;0;0;0;0;0;0;0;0;0;0;0;0;0;0;0;0;0;0;0;0;0;0;0;0;0;0;0;0;0;0;0;0;0;0;0;0;0;0;0;0;0;0;0;0
15.31;pheophorbide_a-related_15.22min;fluo;1.29E-07;592.68;0;0;0;0;0;0;0;0;0;0;0;0;0;0;0;0;0;0;0;0;0;797;969;1470;0;0;0;0;0;0;0;0;0;0;0;0;0;0;0;0;0;0;0;0;0;0;0;0;0;0;0;1429;1289;1286;0;0;0;0;0;0;0;0;0;0;0;0;0;0;0;0;0;0;0;0;0;0;0;0;0;0;0;0;0;0;0;0;0;0;0;0;0;0;0;0;0;0;0;0;0;0;0;0;0;0;0;0;0;0
16;x.f.16.00;fluo;1.33E-08;893.49;0;0;0;0;0;0;0;0;0;0;0;0;0;0;0;0;0;0;0;0;0;0;0;0;0;0;0;0;0;0;0;0;0;0;0;0;0;0;0;0;0;0;0;0;0;0;0;0;0;0;0;0;0;0;0;0;0;0;0;0;0;0;0;0;0;0;0;0;0;0;0;0;0;0;0;0;0;0;0;0;0;0;0;0;0;0;0;0;0;0;0;0;0;0;0;0;0;0;0;0;0;0;0;0;0;0;0;0
23.72;x.f.23.72;fluo;1.33E-08;893.49;28091;13710;11430;3687;3290;4318;0;0;0;0;0;0;0;0;0;0;0;0;0;0;0;0;0;0;0;0;0;0;0;0;0;0;0;0;0;0;0;0;0;0;0;0;0;0;0;0;0;0;0;0;0;0;0;0;0;0;0;0;0;0;0;0;0;0;0;0;0;0;0;0;0;0;0;0;0;0;0;0;0;0;0;0;0;0;0;0;0;0;0;0;0;0;0;0;0;0;0;0;0;0;0;0;0;0;0;0;0;0
25.23;x.f.25.23;fluo;1.33E-08;893.49;0;0;0;0;0;0;0;0;0;0;0;0;0;0;0;0;0;0;3002;776;1028;0;0;0;0;0;0;0;0;0;0;0;0;0;0;0;0;0;0;0;0;0;0;0;0;0;0;0;0;0;0;0;0;0;0;0;0;0;0;0;0;0;0;0;0;0;0;0;0;0;0;0;0;0;0;0;0;0;0;0;0;0;0;0;0;0;0;0;0;0;0;0;0;0;0;0;0;0;0;0;0;0;0;0;0;0;0;0
25.51;x.f.25.51;fluo;1.33E-08;893.49;0;0;0;0;0;0;0;0;0;0;0;0;0;0;0;0;0;0;0;0;0;0;0;0;0;4100;0;0;0;0;0;0;0;0;0;0;0;0;0;0;0;0;0;0;0;0;0;0;0;0;0;0;0;0;0;0;0;0;0;0;0;0;0;0;0;0;0;0;0;0;0;0;0;0;0;0;0;0;0;0;0;0;0;0;0;0;0;0;0;0;0;0;0;0;0;0;0;0;0;0;0;0;0;0;0;0;0;0
26.16;x.f.26.16;fluo;1.33E-08;893.49;0;0;0;0;0;0;0;0;0;0;0;0;0;0;0;0;0;0;0;0;0;0;0;0;1717;2884;2736;0;0;0;0;0;0;0;0;0;0;0;0;0;0;0;0;0;0;0;0;0;0;0;0;0;0;0;0;0;0;0;0;0;0;0;0;0;0;0;0;0;0;0;0;0;0;0;0;0;0;0;0;0;0;0;0;0;0;0;0;0;0;0;0;0;0;0;0;0;0;0;0;0;0;0;0;0;0;0;0;0
26.59;x.f.26.59;fluo;1.33E-08;893.49;0;0;0;0;0;0;0;0;0;0;0;0;0;0;0;0;0;0;0;0;0;0;0;0;0;0;0;0;0;0;0;0;0;0;0;0;0;0;0;0;0;0;0;0;0;0;0;0;0;0;0;0;0;0;0;0;0;0;0;0;0;0;0;0;0;0;0;0;0;0;0;0;0;0;0;0;0;0;0;0;0;0;0;0;0;0;0;0;0;0;0;0;0;0;0;0;0;0;0;0;0;0;0;0;0;0;0;0
26.84;x.f.26.84;fluo;1.33E-08;893.49;0;0;0;0;0;0;0;0;0;0;0;0;0;0;0;0;0;0;0;0;0;0;0;0;0;1117;0;0;0;0;0;0;0;0;0;0;0;0;0;0;0;0;0;0;0;0;0;0;0;0;0;0;0;0;0;0;0;0;0;0;0;0;0;0;0;0;0;0;0;0;0;0;0;0;0;0;0;0;0;0;0;0;0;0;0;0;0;0;0;0;0;0;0;0;0;0;0;0;0;0;0;0;0;0;0;0;0;0
27.35;unk_chl_27.26min;fluo;1.33E-08;893.49;0;0;0;0;0;0;0;0;0;0;0;0;0;0;0;0;0;0;0;833;0;0;0;0;14922;16510;20663;0;0;0;2043;2430;2968;0;0;0;0;0;0;1658;0;0;0;0;0;0;0;0;0;0;0;862;741;775;0;0;0;0;0;0;0;0;0;0;0;0;0;0;0;0;0;0;0;0;0;0;0;0;0;0;0;0;0;0;0;0;0;0;0;0;0;0;0;0;0;0;0;0;0;0;0;0;0;0;0;0;0;0
27.6;x.f.27.60;fluo;1.33E-08;893.49;0;0;0;0;0;0;0;0;0;0;0;0;0;0;0;0;0;0;0;0;0;0;0;0;1680;1850;4155;0;0;0;0;0;0;0;0;0;0;0;0;0;0;0;0;0;0;0;0;0;0;0;0;0;0;0;0;0;0;0;0;0;0;0;0;0;0;0;0;0;0;0;0;0;0;0;0;0;0;0;0;0;0;0;0;0;0;0;0;0;0;0;0;0;0;0;0;0;0;0;0;0;0;0;0;0;0;0;0;0
27.97;x.f.27.97;fluo;1.33E-08;893.49;0;0;0;0;0;0;0;0;0;0;0;0;0;0;0;0;0;0;0;0;0;0;0;0;0;0;1516;0;0;0;0;0;0;0;0;0;0;0;0;0;0;0;0;0;0;0;0;0;0;0;0;0;0;0;0;0;0;0;0;0;0;0;0;0;0;0;0;0;0;0;0;0;0;0;0;0;0;0;0;0;0;0;0;0;0;0;0;0;0;0;0;0;0;0;0;0;0;0;0;0;0;0;0;0;0;0;0;0
28.5;unk_chl_28.5min;fluo;1.33E-08;893.49;0;0;0;0;0;0;0;0;0;0;0;0;0;0;0;0;0;0;2626;3256;0;0;0;0;3570;4943;4951;0;0;0;0;0;1554;0;0;574;0;0;0;2427;0;0;0;0;0;0;0;0;0;0;0;841;609;777;534;0;0;539;749;708;0;0;0;0;0;0;0;0;0;0;0;0;0;0;0;0;0;0;0;0;0;0;0;0;0;0;0;0;0;0;0;0;0;0;0;0;0;0;0;0;0;0;0;0;0;0;0;0
28.6;unk_chl_28.7min;fluo;1.33E-08;893.49;0;0;0;0;0;0;0;0;0;0;0;0;0;0;0;0;0;0;0;0;0;0;0;0;0;0;0;0;0;0;0;0;0;1962;0;2154;1533;1275;1498;1737;0;0;0;0;0;0;0;0;0;0;0;0;0;0;0;0;0;786;874;908;0;0;0;0;0;0;0;0;0;0;0;0;0;0;0;0;0;0;0;0;0;0;0;0;0;0;0;0;0;0;0;0;0;0;0;0;0;0;0;0;0;0;0;0;0;0;0;0
28.7;unk_chl_28.8min;fluo;1.33E-08;893.49;4956;3514;3891;0;0;0;914;680;0;0;1015;0;0;0;0;0;716;1349;4826;5455;8292;1562;1171;1150;2961;4848;4338;0;0;0;2489;4715;3417;0;2301;0;0;0;0;2392;0;0;0;0;0;0;0;0;0;0;0;840;675;704;619;0;607;1028;829;1046;0;713;0;1215;1153;1143;0;0;0;0;0;0;0;0;0;0;0;0;0;0;0;0;0;0;0;0;0;0;0;0;0;0;0;0;0;0;0;0;0;0;0;0;0;0;0;0;0;0
28.9;chla_allomer_29.03min;fluo;1.33E-08;893.49;0;0;0;0;0;0;0;0;0;0;0;0;0;0;0;0;0;0;0;0;0;0;0;0;8417;10286;10454;0;0;0;1344;4205;3837;3047;2370;1744;1402;0;0;1127;0;0;0;0;667;0;0;0;0;0;0;1717;1127;1373;1869;916;916;1519;1782;1828;0;0;0;0;0;0;0;0;0;0;0;0;0;0;0;0;0;0;0;0;0;0;0;0;0;0;0;0;0;0;0;0;0;0;0;0;0;0;0;0;0;0;0;0;0;0;0;0
29.15;divinyl_chlb;fluo;8.09E-09;905.46;16671;17140;17133;1745;2082;2652;1379;0;0;0;0;1782;0;0;0;0;0;1554;11569;15747;13865;0;0;0;5679;7681;8994;0;0;0;0;0;0;0;0;0;0;0;0;0;0;0;0;0;0;0;0;0;0;0;0;0;0;0;0;0;0;0;0;0;0;0;0;0;0;0;0;0;0;0;0;0;0;0;0;0;0;0;0;0;0;0;0;0;0;0;0;0;0;0;0;0;0;0;0;0;863;0;0;0;0;0;0;0;2072;0;0;0
29.44;chlb;fluo;8.09E-09;907.5;92537;81383;75544;15927;23199;16044;95477;89417;65493;52648;45894;31494;21887;56370;56129;17786;57567;54879;182680;199951;191207;40777;36940;41724;77359;61108;71613;5699;9825;5363;61555;65983;69488;29303;27599;25056;12429;12263;16099;4443;2964;3238;3340;3345;3389;2438;3049;2905;10092;7676;7311;52535;34468;34387;31033;27658;24598;31761;29642;32011;24006;27901;23696;28057;29680;34499;11711;11136;13799;10958;8017;8035;3462;2405;3038;4268;9469;7399;33333;35167;33780;35253;32990;29407;7524;7698;7442;0;9778;11703;10066;5019;5831;18717;18387;19944;23604;14888;14612;36708;33658;28727;49748;18581;101268;18503;20612;19038
29.88;chla_allomer_29.8min;fluo;1.33E-08;893.49;61263;0;49001;0;0;0;0;0;0;3106;5148;3458;0;0;0;0;7184;10523;28486;31341;32326;18590;17905;18436;40887;66067;51813;0;0;0;12529;14936;13021;18255;19670;15486;8074;7543;10768;13398;3035;5712;2453;3681;4026;1594;2419;2319;5899;4882;4532;12017;8090;6978;13704;6111;7445;17287;16822;17110;7682;8926;7453;7739;3706;8769;6603;6283;9972;0;0;0;0;0;0;0;0;0;6825;3044;4049;6045;6151;3950;0;0;0;0;3698;4100;4071;0;3209;5037;4141;5060;5738;0;0;0;0;0;0;0;15904;5735;6920;5429
29.93;x.f.29.93;fluo;1.33E-08;893.49;0;0;0;0;0;0;0;0;0;0;0;0;0;0;0;0;0;0;0;0;0;0;0;0;0;0;0;0;0;0;0;0;0;0;0;0;0;0;0;0;0;0;0;0;0;0;0;0;0;0;0;0;0;0;0;0;0;0;0;0;0;0;0;0;0;0;0;0;0;0;0;0;0;0;0;0;0;0;0;0;0;0;0;0;0;0;0;6405;0;0;0;0;0;5372;0;0;0;3373;0;5309;3953;7058;11131;1491;5669;0;0;0
30.07;chla_allomer_30.03min;fluo;1.33E-08;893.49;434520;342813;314379;57748;110093;54950;73613;67436;33285;4608;8205;6048;0;0;0;0;7675;11194;84772;88293;91495;20412;20396;24202;34314;67914;61283;0;788;0;0;0;0;6901;7337;5840;4760;5593;7843;14033;5130;8706;3845;8744;8314;4485;6417;5052;5843;5143;4228;24136;14891;17800;26068;14541;17061;27020;25319;26999;12712;14526;12989;21547;3443;11872;9232;8596;9789;0;0;5737;0;0;0;6861;0;0;0;0;3796;0;0;0;0;4118;7062;0;0;7215;0;2525;0;0;5893;7741;8920;5839;8323;11043;9433;0;18897;0;44160;0;0;0
30.17;chla_allomer_30.13min;fluo;1.33E-08;893.49;0;0;0;0;0;0;0;0;0;0;0;0;0;0;0;0;0;0;0;0;0;0;0;0;0;0;0;0;0;0;0;0;0;0;0;0;0;0;0;0;0;0;3040;4481;5863;1622;2119;2787;3347;2870;2834;13566;12429;10582;15333;10912;12089;20575;18336;22052;10571;13156;10702;0;0;10045;0;11913;0;0;0;0;0;0;0;0;0;0;0;0;5670;0;0;0;0;0;0;18736;12378;5806;0;0;0;4783;0;6895;9894;0;0;11011;11874;19919;17593;0;39804;0;0;0
30.27;chla_allomer_30.2min;fluo;1.33E-08;893.49;0;0;0;52399;0;103162;0;0;18865;5198;5672;5574;9166;32349;24003;17962;17655;23118;64847;79387;74785;19950;18480;22846;192969;328326;257653;894;1211;1926;49087;74335;59359;25848;22987;16138;4698;4579;8701;23940;5951;10249;3071;5228;3953;2005;2209;2200;3730;2643;1741;15422;8966;10161;24574;8343;12375;33564;29644;34828;0;0;0;0;0;0;14615;0;17897;4958;6479;4942;0;0;0;5534;4907;6303;14974;5832;0;10128;13784;7629;0;0;3291;0;0;0;15270;7863;9043;0;0;0;0;6746;4718;0;0;0;0;7702;0;13941;15084;11499
30.53;chla;fluo;1.33E-08;893.49;5477452;4456409;4544267;1225598;1295122;1320169;1105143;1025407;765534;278331;310673;315145;186387;515173;538968;283130;766796;916994;3974166;3872575;4036072;1452490;1457947;1647540;3046969;3855779;3517293;80536;93314;63038;1179188;1287338;1418653;1246379;1166029;992643;459822;470453;495017;1519154;389241;697152;342082;644942;659545;184031;258379;230564;276353;203333;181555;929335;622889;645677;826449;445891;545158;950811;878612;984099;298263;333888;319742;330201;309240;366822;416788;422812;484601;119153;110155;159136;18189;35567;19083;182402;193827;127327;399927;291730;317266;379366;307317;328362;175802;215812;175205;275778;214788;240385;316144;159866;184438;281405;259826;285890;435315;263587;258972;647334;662724;472843;1031296;210143;2143381;513354;560858;511260
30.68;x.f.30.68;fluo;1.33E-08;893.49;0;0;0;0;0;0;0;0;0;0;0;0;0;0;0;0;0;0;0;0;0;0;0;0;214967;299730;337659;0;0;0;0;0;0;0;0;0;0;0;0;0;0;0;0;0;0;0;0;0;0;0;0;0;0;0;0;0;0;0;0;0;0;0;0;0;0;0;0;0;0;0;0;0;0;0;0;0;0;0;0;0;0;0;0;0;0;0;0;0;0;0;0;0;0;0;0;0;0;0;0;0;0;0;0;0;0;0;0;0
30.91;x.f.30.91;fluo;1.33E-08;893.49;0;0;0;0;0;0;8455;8292;5855;0;1654;0;0;0;0;0;0;0;0;0;0;0;0;0;0;0;0;0;0;0;0;0;0;0;0;0;0;0;0;0;0;0;0;0;0;0;0;0;0;0;0;0;0;0;0;0;0;0;0;0;0;0;0;0;0;0;0;0;0;0;0;0;0;0;0;0;0;0;0;0;0;1519;0;0;0;0;0;0;0;0;0;0;0;0;0;0;0;0;0;0;0;0;0;0;1972;0;0;0
31.15;chl_a_allomer_31.15min;fluo;1.33E-08;893.49;26964;24472;23383;9751;11811;5281;17658;14666;12634;1899;3680;1769;0;15824;6021;4101;5283;15508;8875;11521;11209;23536;19994;19788;16186;15379;20384;1701;1870;1690;6533;13334;7058;1675;5631;1660;684;1184;12815;2465;4253;4841;513;517;1250;1151;1298;1461;1048;1047;708;2658;1952;2324;4487;4002;4291;2231;2868;2932;9685;16388;12196;11964;4635;15221;10050;1815;8996;0;3374;2760;768;3729;1012;10500;862;3363;10814;1691;4617;3366;9056;845;8032;7822;7475;10016;0;0;0;0;0;0;0;10011;0;4657;0;5410;5927;10271;10552;4160;3358;0;1892;0
31.35;x.f.31.35;fluo;1.33E-08;893.49;4609;0;0;2967;3365;0;4283;4422;3394;0;0;0;4210;0;0;0;0;0;0;2039;0;6390;5312;5309;3856;0;3448;0;0;0;0;0;0;0;0;0;0;0;0;0;0;0;0;0;0;0;0;0;0;0;0;0;0;0;0;0;0;0;0;0;0;0;0;0;0;0;1755;0;0;0;0;0;0;0;0;0;0;0;0;0;0;0;1799;0;0;0;0;0;0;0;0;0;0;0;0;0;0;0;0;0;0;0;0;0;0;0;0;0
31.46;x.f.31.46;fluo;1.33E-08;893.49;0;0;0;0;0;0;0;0;0;0;0;0;0;0;0;0;0;0;0;0;0;0;0;0;0;0;0;0;0;0;0;0;0;0;0;0;0;0;0;0;0;0;0;0;0;0;0;0;0;0;0;0;0;0;0;0;0;0;0;0;0;6531;0;0;0;0;0;0;4749;0;0;0;0;0;0;0;0;0;0;0;0;0;0;0;0;0;0;0;0;0;0;0;0;0;0;0;0;0;0;0;0;0;0;0;0;0;0;0
31.68;pheophytin_a;fluo;1.76E-07;871.2;14354;13843;14859;2191;3124;1319;7269;4604;3970;1987;2082;1738;2371;14208;5995;1198;3903;11953;12207;7918;11634;6614;3926;4464;8877;12544;19740;2256;2474;1570;4177;9421;5273;2920;2903;1889;1609;3002;5639;2477;1329;1607;755;1083;1418;652;0;1361;1634;1063;1081;4321;3315;2342;3127;2246;2353;3273;3114;3102;7301;6392;5807;6109;1270;6295;4242;749;2688;733;0;0;0;0;0;1231;501;0;5607;2003;1358;1485;7311;1056;0;0;0;3858;1447;0;576;0;0;786;1624;3428;3264;1638;943;3510;3502;10694;10347;1544;6306;917;1382;1947
31.76;pheophytin_a_2;fluo;1.76E-07;871.2;0;0;0;0;0;0;0;0;0;0;0;0;0;0;0;0;0;0;0;0;0;0;0;0;0;0;0;0;0;0;0;0;0;0;0;0;0;0;0;0;0;0;0;0;0;0;0;0;0;0;0;0;0;0;0;0;0;0;0;0;0;2495;0;0;0;0;0;0;0;0;0;0;0;1174;0;0;0;0;0;0;0;0;0;0;0;0;0;0;0;0;0;0;0;0;0;0;0;0;0;0;0;0;0;0;0;0;0;0
32.03;x.f.32.03;fluo;1.33E-08;893.49;0;0;0;0;0;0;0;0;0;0;0;0;0;0;0;0;0;0;0;0;0;0;0;0;0;0;3621;0;0;0;0;0;0;0;0;0;0;0;0;0;0;0;0;0;0;0;0;0;0;0;0;0;0;0;0;0;0;0;0;0;0;0;0;0;0;0;0;0;0;0;0;0;0;0;0;0;0;0;0;0;0;0;0;0;0;0;0;0;0;0;0;0;0;0;0;0;0;0;0;0;0;0;0;0;0;0;0;0
32.37;pheophytin_a_related_32.3min;fluo;1.76E-07;871.2;651;606;520;0;0;0;0;0;0;0;0;0;1342;0;1654;0;1079;0;0;0;0;729;0;964;1179;649;2196;0;0;0;1069;1592;1294;0;0;0;0;0;0;0;0;508;0;0;0;0;0;0;0;0;0;1180;871;1037;0;0;0;0;0;0;0;0;0;0;0;0;0;0;0;0;0;0;0;0;0;0;0;0;0;0;0;0;0;0;0;0;0;0;0;0;0;0;0;0;0;0;0;0;0;0;0;0;0;0;0;0;0;0
32.88;pyropheophytin_a-like_32.7min;fluo;1.76E-07;871.2;0;0;0;0;0;0;0;0;0;0;0;0;910;0;0;0;0;0;0;0;0;0;0;0;0;0;0;0;0;0;721;0;0;0;507;0;1048;0;0;0;696;0;0;0;0;0;0;0;0;0;0;0;993;666;0;0;0;0;0;0;0;0;0;0;0;0;0;0;0;0;0;0;0;0;0;0;0;0;0;0;0;0;0;0;0;0;0;0;0;0;0;0;0;0;0;0;0;0;0;0;0;0;0;0;0;0;0;0
35.05;x.f.35.05;fluo;1.33E-08;893.49;0;0;0;0;0;0;0;0;0;0;0;0;0;0;0;0;0;0;0;0;0;0;0;0;0;0;0;0;0;0;0;0;0;0;0;0;0;0;0;0;0;648;0;0;0;0;0;0;0;0;0;0;0;0;0;0;0;0;0;0;0;0;0;0;0;0;0;0;0;0;0;0;0;0;0;0;0;0;0;0;0;0;0;0;0;0;0;0;0;0;0;0;0;0;0;0;0;0;0;0;0;0;0;0;0;0;0;0
42.31;x.f.42.31;fluo;1.33E-08;893.49;0;0;0;0;0;0;0;0;0;0;0;0;0;0;0;0;0;0;0;0;0;0;0;0;0;0;0;0;0;0;0;0;0;0;0;0;0;0;0;0;0;0;0;0;0;0;0;0;0;0;0;0;0;0;0;0;0;0;0;0;0;0;0;0;0;0;0;0;0;0;0;0;0;0;0;0;0;0;0;0;19398;0;0;0;1639;0;0;0;0;0;0;0;0;0;0;2510;0;0;0;0;0;0;0;0;1149;0;0;0
42.4;x.f.42.40;fluo;1.33E-08;893.49;0;0;0;0;0;0;0;0;0;0;0;0;0;0;0;0;0;0;0;0;0;0;0;0;0;0;0;0;0;0;0;0;0;0;0;0;0;14733;21969;0;0;0;0;0;0;0;0;0;0;0;0;0;0;0;0;0;0;0;0;0;0;0;0;0;2794;0;0;0;0;0;0;0;0;0;0;0;0;0;0;0;0;0;0;0;24216;0;0;0;0;0;0;0;0;17588;0;10355;0;0;21207;0;0;0;0;0;24032;0;0;0
42.52;x.f.42.52;fluo;1.33E-08;893.49;0;0;0;0;0;0;0;0;0;0;0;0;0;0;0;0;0;0;11011;0;0;0;0;0;0;9463;0;0;0;0;0;0;0;0;0;0;0;30954;0;0;0;0;0;0;0;0;0;0;0;0;0;0;0;0;0;0;0;0;0;0;0;0;0;0;0;0;0;0;0;0;0;0;0;0;0;0;0;0;0;0;0;0;0;0;0;0;0;0;0;0;0;0;0;0;0;25757;0;0;0;0;0;0;0;0;0;0;12314;0
3.77;x.p.3.77;pda;1.22E-08;536.87;0;0;0;0;0;0;0;0;0;0;0;0;0;0;0;0;0;0;0;0;0;0;0;0;0;0;0;0;0;0;0;0;0;0;0;0;0;0;0;0;0;0;0;0;0;0;0;0;0;0;0;0;0;0;0;0;0;0;0;0;0;0;0;0;0;2386;0;0;0;0;0;0;0;0;0;0;0;0;0;0;0;0;0;0;0;0;0;0;0;0;0;0;0;0;0;0;0;0;0;0;0;0;0;0;0;0;0;0
4.04;x.p.4.04;pda;1.22E-08;536.87;0;0;0;0;0;0;0;0;0;0;0;0;0;0;0;0;0;0;0;0;0;0;0;0;0;0;0;0;0;0;0;0;0;0;0;0;0;0;0;0;0;0;0;0;0;0;0;0;0;0;0;0;0;0;0;0;0;0;0;0;0;0;0;0;0;6297;0;0;0;0;0;0;0;0;0;0;0;0;0;0;0;0;0;0;0;0;0;0;0;0;0;0;0;0;0;0;0;0;0;0;0;0;0;0;0;0;0;0
4.11;x.p.4.11;pda;1.22E-08;536.87;0;0;0;0;2137;0;0;0;0;0;0;0;0;0;0;0;0;0;0;0;0;0;0;0;0;0;0;0;0;0;0;0;0;0;0;0;0;0;0;0;0;0;0;0;0;0;0;0;0;0;0;0;0;0;0;0;0;0;0;0;0;0;0;0;0;0;0;0;0;0;0;0;0;0;0;0;0;0;0;0;0;0;0;0;0;0;0;0;0;0;0;0;0;0;0;0;0;0;0;0;0;0;0;0;0;0;0;0
4.33;unk_caro_473nm_4.29min;pda;1.22E-08;536.87;89131;81766;93454;14398;6841;12563;0;0;0;0;0;0;0;0;0;0;0;0;0;0;0;0;0;0;49998;46644;75427;0;0;0;0;0;0;0;0;0;0;0;0;0;0;0;0;0;0;0;0;0;0;0;0;0;0;0;0;0;0;0;0;0;0;0;0;0;0;0;0;0;0;0;0;0;0;0;0;0;0;0;0;0;0;0;0;0;0;0;0;0;0;0;0;0;0;0;0;0;0;0;0;0;0;0;0;0;0;0;0;0
4.69;unk_caro_4.77min_fucoxanthin-like;pda;2.60E-08;658.91;2002;0;0;0;0;0;0;0;0;0;0;0;0;0;0;0;7766;6940;0;0;0;0;0;0;0;0;0;0;0;0;0;0;0;0;0;0;0;0;0;0;0;0;0;0;0;0;0;0;0;0;0;0;0;0;0;0;0;0;1857;0;0;0;0;0;0;0;0;0;0;0;0;0;0;0;0;0;0;0;0;0;0;0;0;0;0;0;0;0;0;0;0;0;0;0;0;0;0;0;0;0;0;0;0;0;0;0;0;0
5.23;unk_caro_460nm_5.21min;pda;1.22E-08;536.87;0;2367;4049;8693;11732;9667;44142;40651;39535;0;0;0;0;0;0;0;8803;0;0;0;0;0;0;0;0;0;0;0;0;0;0;0;0;2785;2706;2140;0;0;0;0;0;0;0;0;0;0;0;0;0;0;0;0;0;0;0;0;0;0;0;0;0;0;0;0;0;0;0;0;0;0;0;0;0;0;0;0;0;0;0;0;0;0;0;0;0;0;0;0;0;0;0;0;0;0;0;0;0;0;0;0;0;0;0;0;0;0;0;0
5.54;unk_caro_460nm_5.53min;pda;1.22E-08;536.87;62820;42843;40786;10809;7986;10164;0;4753;4798;0;0;0;0;0;0;0;0;0;0;0;0;0;0;0;38536;41471;62175;0;0;0;0;0;0;0;0;0;0;0;0;0;0;0;0;0;0;0;0;0;0;0;0;0;0;0;0;0;0;0;0;0;0;0;0;0;0;796;0;0;0;0;0;0;0;0;0;0;0;0;0;0;0;0;0;0;0;0;0;0;0;0;0;0;0;0;0;0;0;0;0;0;0;0;0;0;0;0;0;0
5.7;Unk_caro_440nm_5.68min;pda;1.22E-08;536.87;0;0;0;0;0;0;0;0;0;0;0;0;0;0;0;0;0;0;6551;7104;0;0;0;0;0;0;0;0;0;0;11839;10778;12779;4140;5962;5962;4397;4920;4849;0;0;0;0;0;0;0;0;0;0;0;0;0;0;0;0;0;0;0;0;0;0;0;0;0;0;0;0;0;0;0;0;0;0;0;0;0;0;0;0;0;0;0;0;0;0;0;0;0;0;0;0;0;0;0;0;0;0;0;0;0;0;0;0;0;0;0;0;0
9.43;peridinin;pda;3.83E-08;630.81;1221435;933148;1003536;230302;195749;255913;13747;13716;12108;5027;4474;6113;0;0;3250;0;0;3001;8446;10797;8226;13793;13496;23385;471269;515658;657613;7897;8695;3616;16882;16338;24268;4692;5922;5046;6166;3626;4852;3031;1680;5106;0;0;0;0;0;0;4060;3665;2502;12133;10158;10281;7808;3513;4759;14081;12426;19771;882;2658;1596;0;0;0;0;0;0;5587;5234;7725;0;0;0;0;0;2628;1325;0;0;2153;2353;0;0;0;0;23149;9405;11532;5455;5288;5513;9046;4987;6931;15345;17830;6220;2866;6099;2410;0;0;4464;8708;9583;8613
10.04;peridinin-rel_10min;pda;3.83E-08;630.81;39475;32882;26006;6653;4175;8993;0;0;0;0;0;0;0;0;0;0;0;0;0;0;0;0;0;0;9004;13770;19478;0;0;0;0;0;0;0;0;0;0;0;0;0;0;0;0;0;0;0;0;0;0;0;0;0;0;0;0;0;0;0;0;0;0;0;0;0;0;0;0;0;0;0;0;0;0;0;0;0;0;0;0;0;0;0;0;0;0;0;0;0;0;0;0;0;0;0;0;0;0;0;0;0;0;0;0;0;0;0;0;0
10.25;unk_caro_429nm_10.18min;pda;1.22E-08;536.87;6055;3625;3820;0;0;0;3801;0;0;0;0;0;1514;3562;5795;0;2631;7189;0;1346;0;4026;2644;3034;0;0;0;0;0;0;0;0;0;0;0;0;0;0;0;0;0;0;0;0;0;0;0;0;0;0;0;0;0;0;0;0;0;0;0;0;0;0;0;0;0;0;0;0;0;0;0;0;0;0;0;0;0;0;0;0;0;0;0;0;0;0;0;0;0;0;0;0;0;0;0;0;0;0;0;0;0;0;0;0;0;0;0;0
10.56;unk_caro_405nm_10.56min;pda;1.22E-08;536.87;2484;0;0;0;0;0;0;0;0;0;0;0;0;0;0;0;0;0;0;0;0;0;0;0;0;0;0;0;0;0;0;0;0;0;0;4585;0;0;0;0;0;0;0;0;0;0;0;0;0;0;0;0;0;0;0;0;0;0;0;0;0;0;0;0;0;0;0;0;0;0;0;0;0;0;0;0;0;0;0;0;0;0;0;0;0;0;0;0;0;0;0;0;0;0;0;0;0;0;0;0;0;0;0;0;0;0;0;0
11.31;unk_caro_405_484nm_11.29min;pda;1.22E-08;536.87;2752;3000;0;0;0;0;3453;0;0;0;0;0;0;0;0;0;0;0;0;0;0;0;0;0;0;0;0;0;0;0;0;0;0;0;0;0;0;0;0;0;0;0;0;0;0;0;0;0;0;0;0;0;0;0;0;0;0;0;0;0;0;0;0;0;0;0;0;0;0;0;0;0;0;0;0;0;0;0;0;0;0;0;0;0;0;0;0;0;0;0;0;0;0;0;0;0;0;0;0;0;0;0;0;0;0;0;0;0
11.58;unk_caro_472nm_11.53min;pda;1.22E-08;536.87;9665;10456;6362;0;0;0;0;0;0;0;0;0;0;0;0;0;0;0;0;0;0;0;0;58378;3421;3889;0;0;0;0;0;0;0;0;0;0;0;0;0;0;0;0;0;0;0;0;0;0;0;0;0;0;0;0;0;0;0;0;0;0;0;0;0;0;0;0;0;0;0;0;0;0;0;0;0;0;0;0;0;0;0;0;0;0;0;0;0;0;0;0;0;0;0;0;0;0;0;0;0;0;0;0;0;0;0;0;0;0
11.99;unk_caro_465nm_12.02min;pda;1.22E-08;536.87;0;0;0;0;0;0;7510;7130;6998;0;0;0;3937;4858;10814;0;8727;8713;0;0;0;63193;57759;0;0;0;0;0;0;0;0;0;2259;1899;1980;0;0;0;0;0;2382;0;0;0;0;0;0;0;0;0;0;755;0;0;872;1166;0;799;1255;1403;0;0;0;0;0;0;1792;2851;2798;0;0;0;0;0;0;0;0;0;0;0;0;0;0;0;0;0;0;0;0;0;0;0;0;0;0;0;3294;2359;1338;0;0;0;0;0;2668;0;0;0
12.2;unk_chl_389_674nm_12.22min;pda;1.22E-08;536.87;5129;0;0;0;0;0;0;0;0;0;0;0;0;2020;0;0;0;1361;0;0;0;0;0;3903;4038;0;0;0;0;0;4981;6560;5102;4244;3349;7272;2853;2781;3883;0;0;0;0;0;0;0;0;0;0;0;0;2902;2472;4370;1390;1116;1103;5175;5444;5079;0;0;0;0;0;0;0;0;0;0;0;0;0;0;0;0;0;0;0;0;0;0;0;0;0;0;0;0;0;0;0;0;0;0;0;0;0;0;0;3269;3489;0;0;0;0;0;0;0
12.3;x.p.12.29;pda;1.22E-08;536.87;0;0;0;0;0;0;0;0;0;0;0;0;0;0;0;0;0;0;2476;0;0;0;0;0;0;0;0;0;0;0;0;0;0;0;0;0;0;0;0;0;0;0;0;0;0;0;0;0;0;0;0;0;0;0;0;0;0;0;0;0;0;0;0;0;0;0;0;0;0;0;0;0;0;0;0;0;0;0;0;0;0;0;0;0;0;0;0;0;0;0;0;0;0;0;0;0;0;0;0;0;0;0;0;0;0;0;0;0
12.54;unk_caro_434nm_12.58min;pda;1.22E-08;536.87;7476;6915;7279;0;0;0;0;0;0;0;0;0;0;0;4614;0;2009;3124;6446;19693;18706;11244;7009;8549;5705;0;0;0;0;0;0;0;0;0;0;0;0;0;0;0;0;0;0;0;0;0;0;0;0;0;0;0;0;0;0;0;0;0;0;0;0;0;0;0;0;0;0;0;0;0;0;0;0;0;0;1440;0;0;0;0;0;0;0;0;0;0;0;0;0;0;0;0;0;0;0;0;0;0;0;0;0;0;0;0;0;0;0;0
12.95;fucoxanthin;pda;2.60E-08;658.91;32463;34290;28804;31894;45504;33272;205461;201450;204166;6536;6047;5120;22000;51855;60987;32799;85465;107241;53856;30121;29288;446169;424854;450592;7649;0;0;7243;6922;6597;187058;191576;215966;201311;181907;173121;107195;114155;113963;298593;64617;124382;57909;130588;125377;12605;16056;16023;61548;47587;42180;148230;98113;102993;123344;77866;97995;165569;151423;164972;45332;49268;48024;53540;55138;60205;90384;94916;106519;4345;1534;2733;1737;0;0;4868;7181;8391;49968;36000;37386;47976;43203;47628;5492;3347;4900;45002;39522;44875;58654;30084;32942;54666;56894;58397;82841;44342;47226;145080;145148;79596;262785;34874;569387;89677;89522;81843
13.73;unk_caro_468nm_13.74min;pda;1.22E-08;536.87;24061;15357;13147;0;0;0;0;0;0;0;0;0;0;776;0;0;0;0;0;0;0;0;0;0;3292;0;10098;0;0;0;0;0;0;0;0;0;0;0;0;0;0;0;0;0;0;0;0;0;0;0;0;0;0;0;0;0;0;0;0;0;0;0;0;0;0;0;0;0;0;0;0;0;0;0;0;0;0;0;0;0;0;0;0;0;0;0;0;0;0;0;0;0;0;0;0;0;0;0;0;0;0;0;0;0;0;0;0;0
13.91;aphanizophyll ;pda;2.03E-08;731.01;22129;18927;16469;19919;29105;21760;0;0;0;0;0;0;0;0;1124;0;0;0;0;0;0;15074;13144;12468;15572;31825;11786;0;0;0;0;0;0;0;0;844;0;0;0;0;0;0;0;0;0;0;0;0;0;0;0;2284;4338;3135;0;0;0;0;0;0;0;0;0;0;0;0;0;0;0;0;0;0;0;0;0;0;0;0;0;0;0;0;0;0;0;0;0;0;0;0;0;0;0;0;0;0;0;0;0;0;0;0;0;0;0;4059;4241;3981
14.09;unk_caro_508nm;pda;1.22E-08;536.87;0;0;0;0;0;0;3089;0;0;0;0;0;0;0;0;0;0;0;0;0;0;0;0;0;0;0;0;0;0;0;0;0;0;0;0;0;0;0;0;0;0;0;0;0;0;0;0;0;0;0;0;0;0;0;0;0;0;0;0;0;0;0;0;0;0;0;0;0;0;0;0;0;0;0;0;0;0;0;0;0;0;0;0;0;0;0;0;0;0;0;0;0;0;0;0;0;0;0;0;0;0;0;0;0;0;0;0;0
14.4;9-cis-neoxanthin;pda;3.11E-08;600.87;5887;5387;7130;0;2212;0;18728;16892;16541;2843;2640;3978;2768;5193;4475;0;4509;5337;7995;7010;7059;0;0;0;5710;3841;2045;0;0;0;3142;4342;4338;1413;3667;2847;0;0;0;0;0;0;0;0;0;0;0;0;0;0;0;3426;3166;2464;792;0;1601;1859;1070;1395;0;2966;0;2622;1327;3121;0;0;0;0;0;0;0;0;0;0;0;0;2507;3328;2746;2942;3298;2505;0;0;0;0;0;0;0;0;0;0;0;0;0;0;0;1067;2589;1445;2981;0;5375;888;870;2319
14.52;prasinoxanthin;pda;2.78E-08;600.87;0;0;0;0;0;0;0;0;0;0;0;0;0;0;0;0;0;0;0;0;0;15316;12259;14023;0;0;0;0;0;0;0;0;0;0;0;0;2422;3382;2882;0;0;0;0;0;0;0;0;0;0;0;0;0;0;0;0;0;0;0;0;0;0;0;0;0;0;0;0;0;0;0;0;0;0;0;0;0;0;0;0;0;0;0;0;0;0;0;0;0;0;0;0;0;0;0;0;0;0;0;0;0;0;0;0;0;0;0;0;0
14.99;violaxanthin;pda;2.28E-08;600.87;14226;12890;16093;6835;7148;5969;26447;24814;22567;0;5592;4682;3557;7387;7779;1830;6592;8777;18101;13656;12837;15324;9419;13553;23633;11594;14221;1649;2512;2031;85766;90350;96390;58874;53058;46059;36487;36973;38963;60135;13293;26429;10786;25513;24107;2223;2440;2869;15630;9451;8932;60277;38371;39221;42908;24805;30362;54638;50782;56437;15574;16217;15924;12196;13039;17195;30121;32991;36274;4960;1707;1776;2150;0;0;0;3011;3389;20380;14509;14045;17196;15102;16370;0;0;0;17168;14820;18185;23145;14987;15241;20029;20330;20112;25357;12010;12114;35015;33465;20339;69380;7528;146337;23659;23866;21829
15.25;unk_caro_413_474nm_15.25min;pda;1.22E-08;536.87;5060;6808;6815;0;0;0;0;0;0;7495;0;0;0;0;0;0;0;0;0;0;0;0;0;0;0;12326;0;0;0;0;0;0;0;0;0;0;0;0;0;0;0;0;0;0;0;0;0;0;0;0;0;0;0;0;0;0;0;0;0;0;1110;0;0;0;0;0;0;0;0;0;0;0;0;0;0;0;0;0;0;0;0;0;0;0;1942;1522;2182;0;0;0;0;0;0;0;0;0;0;0;0;0;0;0;0;0;0;0;0;0
16.11;astaxanthin;pda;2.23E-08;596.84;1883;4104;3508;0;0;0;2359;3793;1501;0;2464;0;0;0;0;0;3686;4093;3392;0;3626;0;1407;4529;2186;2449;1251;0;0;0;3592;8197;6858;1991;2532;1957;2462;2085;2744;0;1628;0;4104;0;0;0;0;0;0;0;0;3096;2155;3371;1135;2233;766;2574;1942;2148;0;0;0;0;1751;3521;3177;6124;6383;1883;3495;2283;0;0;0;0;0;0;2316;0;971;0;1670;0;0;0;0;0;0;0;1652;3434;2481;8855;8844;9777;0;0;0;2610;6009;3272;3455;0;0;2226;3461;1856
16.18;unk_caro_micromonol-like;pda;1.22E-08;586.9;0;0;0;0;0;0;0;0;0;0;0;0;0;0;0;0;0;0;0;0;0;0;0;0;0;0;0;0;0;0;0;0;0;0;0;0;0;0;0;0;0;0;0;0;0;0;0;0;0;0;0;0;0;0;0;0;0;0;0;0;0;0;0;0;0;0;0;0;0;0;0;0;0;0;0;0;0;0;0;0;0;0;0;0;0;0;0;0;0;0;0;0;0;0;723;0;0;0;0;0;0;0;0;0;0;0;0;0
16.34;micromonol-like;pda;1.22E-08;586.9;0;0;0;0;0;0;0;0;0;0;0;0;0;0;0;0;0;0;0;0;0;0;1506;0;0;0;0;0;0;0;0;0;0;0;0;0;0;0;0;0;0;0;0;0;0;0;0;0;0;0;0;0;0;0;0;0;0;0;0;0;0;0;0;0;0;0;0;0;0;0;0;0;0;0;0;0;0;0;0;0;0;0;0;0;1708;1635;0;0;0;0;0;0;0;0;0;0;0;0;0;0;0;0;0;0;0;0;0;0
16.42;unk_myxol_glycoside_16.42min;pda;1.22E-08;747;0;0;0;0;0;0;0;0;0;0;0;0;0;0;0;0;0;0;0;0;0;0;0;0;0;0;0;0;0;0;0;0;0;0;0;0;0;0;0;0;0;0;0;0;0;0;0;0;0;0;0;1320;0;0;0;0;0;0;0;0;0;0;0;0;0;0;0;0;0;0;0;0;0;0;0;0;0;0;0;0;0;0;0;0;0;0;0;0;0;0;0;0;0;0;0;0;0;0;0;0;0;0;0;0;0;0;0;0
16.69;micromonol-like;pda;1.22E-08;586.9;116672;94642;90007;18676;14953;19468;2898;3627;3111;0;0;0;0;0;0;0;0;0;0;0;0;0;0;2076;19577;22341;24519;0;0;0;0;0;0;0;0;0;0;0;0;0;0;0;0;0;0;0;0;0;0;0;0;0;0;0;0;0;0;0;0;0;0;0;0;0;0;0;0;0;0;0;0;0;0;0;0;0;0;0;0;0;0;0;0;0;0;0;0;3578;0;0;0;0;0;1558;0;0;1650;0;0;0;0;0;0;0;0;0;0;0
17.1;unk_myxol_glycoside_449-478-509nm_16.96min;pda;1.22E-08;747;0;0;0;0;0;0;0;0;0;0;0;0;0;0;0;0;0;0;0;0;0;0;0;0;0;0;0;0;0;0;0;0;0;0;0;0;0;0;0;0;0;0;0;0;0;0;0;0;0;0;0;2687;2380;2316;818;1095;2434;1115;2323;2214;0;0;0;0;0;0;0;0;0;0;0;0;0;0;0;0;0;0;0;0;0;0;0;0;0;0;0;0;0;1323;0;0;0;0;0;0;0;0;0;0;0;0;0;0;0;0;0;0
17.25;antheraxanthin;pda;2.14E-08;584.87;0;0;0;0;0;0;0;0;0;0;0;0;0;0;0;0;0;0;0;0;0;0;0;0;0;0;0;0;0;0;0;0;0;0;0;0;0;0;0;0;0;0;0;0;0;0;0;0;0;0;0;0;0;0;0;0;0;0;0;0;0;0;0;0;0;0;0;0;0;0;0;0;0;0;0;0;0;0;0;0;0;0;0;0;0;0;0;34408;23060;24945;23331;8657;15990;0;0;0;0;0;0;0;0;0;0;0;0;0;0;0
17.32;diadinoxanthin;pda;2.02E-08;582.85;1074296;843802;920617;249751;230010;283137;95365;95241;96462;8543;5988;7163;3378;10256;11265;7117;20364;23388;6180;5585;5365;93209;90415;109075;292299;331385;424221;13037;14608;4913;40455;41214;50432;81034;74201;67883;26899;28853;29366;4185;2263;4646;2515;1562;1777;0;0;1800;17080;12276;10738;41390;28961;29067;33760;18551;15150;44387;39060;48408;11595;15192;13728;20047;23080;23242;3311;3256;4827;23617;19241;29251;0;0;0;5031;2423;4576;6632;2926;4161;13380;13181;12815;0;0;0;0;0;0;0;0;0;22564;17151;18797;18684;14654;7973;3619;4334;2576;0;0;5658;38569;39008;38734
17.38;x.p.17.38;pda;1.22E-08;536.87;0;0;0;0;0;0;0;0;0;0;0;0;0;0;0;0;0;0;0;0;0;0;0;0;0;0;0;0;0;0;0;0;0;0;0;0;0;0;0;0;0;0;0;0;0;0;0;0;0;0;0;0;0;0;0;0;0;0;0;0;0;0;0;0;0;0;0;1142;0;0;0;0;0;0;0;0;0;0;0;0;0;0;0;0;0;0;0;0;0;0;0;0;0;0;0;0;0;0;0;0;0;0;0;0;0;0;0;0
17.7;unk_myxol_glycoside_449-476-508nm_17.68min;pda;1.22E-08;747;5708;0;0;0;0;0;11324;9757;18628;0;0;0;0;0;0;0;0;0;0;0;0;0;0;0;0;0;0;0;0;0;2294;2753;4071;0;0;0;0;0;0;1148;0;0;0;0;0;0;0;0;0;2096;0;4275;3267;2013;1197;1340;911;2628;0;0;5713;3779;3693;4093;4721;2721;0;0;0;0;0;0;0;0;0;0;0;0;0;0;0;0;0;0;0;0;0;3278;4458;2972;3784;1588;1238;3266;0;0;0;0;0;0;0;0;0;0;0;0;0;0
17.79;unk_myxol_glycoside;pda;1.22E-08;747;0;0;0;0;0;0;0;0;0;0;0;0;0;0;0;0;4336;2660;0;0;0;2287;2124;2113;0;0;0;0;0;0;0;0;0;0;0;0;0;0;0;0;0;0;0;0;0;0;0;0;0;0;0;0;0;0;0;0;0;0;0;0;0;0;0;0;0;0;0;0;0;0;0;0;0;0;0;0;0;0;0;0;0;3185;2341;2782;0;0;0;0;0;0;0;0;0;0;0;0;0;0;0;0;0;0;0;0;0;2510;3344;3470
17.94;unk_caro_475nm_17.94min_myxol_glycoside-like;pda;1.22E-08;747;47883;42599;42183;22189;19815;23616;2191;2984;0;0;0;0;0;0;0;0;0;0;0;0;0;0;0;0;6307;13625;12577;37489;34813;13248;0;0;0;0;0;0;3047;1931;1795;0;0;0;0;1549;0;0;0;0;0;0;0;0;0;0;0;0;0;0;0;0;0;0;0;0;0;0;0;0;0;211945;138233;192503;0;0;0;0;0;0;0;0;0;0;2052;0;0;0;0;0;0;0;0;0;0;0;0;0;8225;5365;3946;0;0;0;0;0;0;0;0;0
18.33;vaucheriaxanthin-related;pda;1.22E-08;616.9;125442;101395;105935;0;0;0;0;0;0;0;0;0;0;0;0;0;0;0;0;0;0;0;0;0;0;0;0;0;0;0;0;0;0;0;0;0;0;0;0;0;0;0;0;0;0;0;0;0;0;0;0;3129;2766;1524;1757;0;0;2627;1850;3092;0;0;0;0;0;0;0;0;0;3531;1481;2426;0;0;0;0;0;0;0;0;0;0;2203;0;0;0;0;0;0;0;0;0;0;0;0;0;0;0;0;0;0;0;0;0;0;0;0;0
18.44;antheraxanthin;pda;2.14E-08;584.87;0;0;0;24193;22234;27910;6529;10212;5041;0;0;0;0;0;0;0;0;0;0;0;0;0;0;2760;47313;56598;65621;0;0;697;0;0;0;0;0;0;4002;7331;5162;0;0;0;0;0;0;0;0;0;0;0;0;5525;3048;2279;0;0;0;5636;5347;4762;0;0;0;0;0;0;0;0;0;0;0;0;0;0;0;0;0;0;0;0;0;0;0;0;0;0;0;0;0;0;1266;0;0;0;0;0;2782;5213;0;0;0;0;0;0;3275;0;0;0
18.52;unk_caro_457nm;pda;1.22E-08;536.87;0;0;0;0;0;0;0;0;0;0;0;0;0;0;0;0;0;0;0;0;0;0;0;0;0;0;0;0;0;0;0;0;0;0;0;0;0;0;0;0;0;0;0;0;0;0;0;0;0;0;0;0;0;0;0;0;0;0;0;0;0;0;0;0;0;0;0;1283;1847;978;0;0;0;0;0;0;0;0;0;0;0;0;0;3012;0;0;0;0;0;0;0;0;0;3482;0;0;0;0;0;0;0;0;0;0;0;1987;0;0
18.66;unk_caro_453-486nm_18.69min;pda;1.22E-08;536.87;0;0;0;0;0;0;0;0;1484;0;0;0;0;0;0;0;0;0;0;0;0;0;0;0;0;0;0;0;0;0;9064;11552;11126;6055;4879;5137;0;0;0;0;0;0;0;0;0;0;0;0;0;0;0;0;0;0;0;0;0;0;0;0;0;0;0;0;0;0;0;0;0;0;0;0;0;0;0;0;0;0;0;0;0;0;0;0;0;0;0;5150;4404;5561;8454;3195;4036;0;0;0;0;0;0;0;0;0;0;0;0;8110;4924;9642
19.16;x.p.19.16;pda;1.22E-08;536.87;0;0;0;0;0;0;0;0;0;0;0;0;0;0;0;0;0;0;0;0;0;0;0;5082;0;3449;0;0;0;0;0;0;0;2808;1834;2100;0;0;0;0;0;0;0;0;0;0;0;0;0;0;0;0;0;0;0;0;0;0;0;0;0;0;0;0;0;0;0;0;0;0;0;0;0;0;0;0;0;0;0;0;0;0;0;0;0;0;0;0;0;0;0;0;0;0;0;0;0;0;0;0;0;0;0;0;0;0;0;0
19.48;unk_caro_451-475nm_19.47min;pda;1.22E-08;536.87;0;0;0;0;0;0;0;0;0;0;0;0;0;0;0;0;0;0;0;0;0;0;0;0;0;0;0;0;0;0;0;0;0;5348;5385;4639;0;0;0;0;0;0;0;0;0;0;0;0;1632;0;2130;3600;2077;2411;2682;2478;2078;11335;9469;9767;0;0;0;0;0;0;2625;3148;2119;0;0;0;0;0;0;0;0;0;0;0;0;0;0;0;0;0;0;0;0;0;0;0;0;2735;2253;1676;5794;0;0;0;0;0;0;0;0;0;0;0
19.57;unk_caro_469nm_mix_alloxanthin;pda;1.22E-08;564.84;0;0;0;0;0;0;0;0;0;0;0;0;5045;14738;13446;0;8958;17603;0;0;0;4254;3882;5061;0;0;0;0;0;0;4764;6529;4962;0;0;0;0;0;0;0;0;0;0;0;1421;0;0;0;0;0;0;0;0;0;0;0;0;0;0;0;0;0;0;0;0;0;0;0;0;0;0;0;0;0;0;0;0;0;0;0;0;0;0;0;0;0;0;0;0;0;0;0;0;0;0;0;0;0;0;0;0;0;0;0;0;1891;2088;0
19.89;alloxanthin;pda;1.76E-08;564.84;123767;109470;107660;11166;11938;10860;160929;140087;129855;63843;67534;77906;27695;101320;99881;51999;164842;200702;1295185;1206319;1401921;109634;128406;174442;51933;43441;50332;0;0;0;36985;40462;42036;131769;120370;82747;4529;4330;4552;55506;35675;45713;33408;37351;50123;42972;63256;57319;14648;10619;9335;36173;21357;24917;40368;15790;14364;35960;29493;38540;32572;32319;37328;45819;44853;51192;13061;10680;16727;12152;14884;22090;2226;4058;3047;33926;44327;20768;37177;21937;25452;50249;31307;39758;31188;42919;28859;4491;2289;1523;4298;1100;2626;18172;16062;18766;14744;4488;15583;29626;32084;43914;16500;18959;19870;20610;21432;18333
20.12;unk_caro_432_458nm;pda;1.22E-08;536.87;0;0;0;0;0;0;0;0;0;0;0;0;0;0;0;0;0;0;0;0;0;0;0;0;0;0;3627;0;0;0;0;0;0;0;0;0;0;0;0;0;0;0;0;0;0;0;0;0;0;0;0;0;0;0;0;0;0;0;0;0;0;0;0;0;0;0;0;0;0;0;0;0;0;0;0;0;0;0;0;0;0;0;0;0;0;0;0;0;0;0;0;0;0;0;0;0;0;0;0;0;0;0;0;0;0;0;0;0
20.41;myxoxantophyll;pda;1.22E-08;731;7567;6765;6399;0;0;0;0;0;0;0;0;0;0;0;0;0;0;0;0;0;0;1265;0;2473;0;0;1189;0;0;0;0;0;0;0;0;0;0;0;0;0;0;0;0;0;0;0;0;0;0;0;0;0;0;0;0;0;0;0;0;0;0;0;0;0;0;0;0;0;0;0;0;0;0;0;0;0;0;0;0;0;0;0;0;0;0;0;0;0;0;0;0;0;0;0;0;0;0;0;0;0;0;0;0;0;0;0;0;0
20.8;unk_caro_20.8min_prasinoxanthin-like;pda;2.78E-08;600.87;0;0;0;0;0;0;0;0;0;0;0;0;0;0;0;0;0;0;0;0;0;0;0;0;0;0;0;0;0;0;0;0;0;0;0;0;0;0;0;0;0;0;0;0;0;0;0;0;1427;0;0;0;0;0;0;0;0;0;0;0;0;0;0;0;0;0;0;0;0;0;0;0;0;0;0;0;0;0;0;0;0;0;0;0;0;0;0;0;0;0;0;0;0;0;0;0;0;0;0;0;0;0;0;0;0;0;0;0
21.1;diatoxanthin;pda;1.69E-08;566.86;20247;18085;18601;5484;5208;6398;5685;4576;3360;0;0;0;0;0;0;0;0;0;1929;1697;3019;5915;7738;8180;7655;7027;10160;0;0;0;2028;2922;4755;4776;5450;3034;16422;12688;15513;0;0;0;0;0;0;0;0;0;1180;0;0;1379;2083;0;1570;0;0;2551;1962;2403;0;0;0;0;0;0;0;0;0;4553;2474;3756;0;0;0;3864;0;0;0;0;0;0;0;0;0;0;0;0;0;0;0;0;0;2355;1533;3728;2594;0;0;0;0;0;0;0;0;0;0;0
21.26;unk_prasinoxanthin-like;pda;2.78E-08;600.87;27411;21044;14494;0;0;0;0;0;0;0;0;0;0;0;0;0;0;0;0;0;0;0;0;0;0;0;0;0;0;0;0;0;0;0;0;0;2625;3971;894;0;0;0;0;0;0;0;0;0;0;0;0;0;0;0;0;0;0;0;0;0;0;0;0;0;0;0;0;0;0;0;0;0;0;0;0;0;0;0;0;0;0;0;0;0;0;0;0;0;0;0;0;0;0;0;0;0;0;0;0;0;0;0;0;0;0;0;0;0
21.44;unk_prasinoxanthin-like;pda;2.78E-08;600.87;0;0;0;4655;5868;6879;0;0;0;0;0;0;0;0;0;0;0;0;0;0;0;0;0;1483;0;5513;6385;0;0;0;0;0;0;0;0;0;0;0;0;0;0;0;0;0;0;0;0;0;0;0;0;0;0;0;0;0;0;0;0;0;0;0;0;0;0;0;0;0;0;0;0;0;0;0;0;0;0;0;0;0;0;0;0;0;0;0;0;0;0;0;0;0;0;0;0;0;0;0;0;0;0;0;0;0;0;0;0;0
22.33;zeaxanthin;pda;1.81E-08;568.87;21053;19111;21585;6823;8236;4615;63448;65042;65400;6767;3894;5558;0;2344;5621;2624;5369;5741;2122;2087;2454;12374;9414;10564;18540;8344;12843;2734;3560;3497;21652;22384;21982;6862;8736;8138;7738;8253;8942;1641;2010;3381;0;0;0;0;2552;2364;5805;3734;3885;21254;15188;16060;15954;10723;10555;17606;14713;16251;11665;10459;10732;11018;12742;11339;5843;5214;6137;3123;2608;1264;1903;2486;4382;5905;0;0;5459;6496;5672;9798;9048;7750;1920;4118;2237;13580;11259;12389;22921;12119;14584;6534;5464;5516;2195;2634;2375;0;0;0;0;0;3033;17430;16792;16141
22.89;lutein;pda;1.77E-08;568.87;24502;24998;24252;8227;9593;8630;65818;65689;56123;25247;18809;12930;9664;21070;23451;8689;22338;19683;56178;47274;46643;16971;14442;16334;20832;15037;18549;3084;3350;3810;27368;25740;27094;12063;10325;11271;6022;6071;7216;2167;3320;3256;1207;839;1934;2395;1973;2249;5191;3452;3482;22004;16397;15245;12363;10344;9511;13985;11133;11404;9902;11361;7841;12715;14170;12379;4396;8626;7767;7137;4614;2936;2635;2794;2736;4551;2259;3526;12282;13491;12562;13837;14297;13848;3013;7478;6165;4898;3478;5810;6408;1829;3903;8303;6317;9235;8247;4926;3834;9645;9313;6577;10981;4076;24957;6570;6132;6310
23.16;x.p.23.16;pda;1.22E-08;536.87;0;0;0;0;0;0;0;0;0;0;0;0;0;0;0;0;0;0;0;0;0;0;0;0;0;0;0;0;0;0;0;0;0;0;0;0;0;0;0;0;0;0;0;0;0;0;0;0;0;0;0;0;0;0;0;0;0;0;0;0;0;0;0;0;0;0;0;0;0;0;0;0;0;0;0;0;0;0;0;0;0;0;0;1042;784; ;0;0;0;0;0;0;0;0;0;0;0;0;0;0;0;0;0;0;0;0;0;0
23.7;x.p.23.70;pda;1.22E-08;536.87;0;5515;0;0;0;0;1895;1679;1873;0;0;0;0;0;0;0;0;0;0;0;0;0;0;0;0;0;0;0;0;0;0;0;0;0;0;0;0;0;0;0;0;0;0;0;0;0;0;0;0;0;0;0;0;0;0;0;0;0;0;0;0;0;0;0;0;0;0;0;0;0;0;0;0;0;0;0;0;0;0;0;0;0;0;0;0;0;0;0;0;0;0;0;0;0;0;0;0;0;0;0;0;0;0;0;0;0;0;0
23.94;x.p.23.94;pda;1.22E-08;536.87;0;0;0;0;0;0;0;0;0;2490;0;0;0;0;0;2007;3115;0;8075;5801;6969;1085;0;2034;0;0;0;0;0;0;0;0;0;0;0;0;0;0;0;0;0;0;0;0;0;0;0;0;0;0;0;0;0;0;0;0;0;0;0;0;0;0;0;0;0;0;0;0;0;0;0;0;0;0;0;0;0;0;0;0;0;0;0;0;0;0;0;0;0;0;0;0;0;0;0;0;0;0;0;0;0;0;0;0;0;0;0;0
25.34;unk_caro_464nm_25.31min;pda;1.22E-08;536.87;8081;5492;5600;4031;3650;5355;2074;3903;0;0;0;0;0;0;0;0;989;0;0;0;0;0;0;0;1933;2787;0;0;0;0;0;0;0;0;0;0;0;0;0;0;0;0;0;0;0;0;0;0;0;0;0;0;0;0;0;0;0;0;0;0;0;0;0;0;0;0;0;0;0;0;0;0;0;0;0;0;0;0;0;0;0;0;0;1044;0;0;0;0;0;0;0;0;0;0;0;0;0;0;0;0;0;0;0;0;0;0;0;0
25.59;x.p.25.59;pda;1.22E-08;536.87;3684;3064;3010;0;0;0;4606;0;0;0;0;0;0;0;0;0;0;0;0;0;0;0;0;0;0;0;0;0;0;0;0;0;0;0;0;0;3013;3368;2988;0;0;0;0;0;0;0;0;0;0;0;0;0;0;0;0;0;0;0;0;0;0;0;0;0;0;0;0;0;0;0;0;0;0;0;0;0;0;0;0;0;0;0;0;0;0;0;0;0;0;0;0;0;0;0;0;0;0;0;0;0;0;0;0;0;0;0;0;0
25.98;canthaxanthin;pda;2.63E-08;564.84;21050;19838;19078;17167;21110;18827;3904;2160;2031;0;0;0;0;0;0;0;0;715;0;0;2012;5036;4423;4583;20896;39147;17208;1567;1446;1051;3667;5530;5037;4305;3835;2179;1183;2195;2867;1786;0;945;0;1303;1193;0;0;0;0;0;0;2519;2366;1970;2618;643;1822;4402;3450;4306;0;0;0;0;2097;0;0;0;0;0;0;0;0;0;0;0;0;0;0;0;0;0;0;1286;1053;0;0;1721;1661;2522;3105;1856;1293;1875;954;2635;0;0;0;0;0;0;0;0;0;0;0;0
26.14;canthaxanthin;pda;2.63E-08;564.84;1408;0;0;0;0;985;1576;0;1516;0;0;0;0;0;0;0;0;0;0;0;0;0;0;0;0;0;0;0;0;0;0;0;0;0;0;1048;0;0;0;0;0;0;0;0;0;0;0;0;0;0;0;0;0;0;0;0;0;0;0;0;0;0;0;0;0;0;0;0;0;0;0;0;0;0;0;0;0;0;0;0;0;0;0;0;0;0;0;0;0;0;566;0;0;0;0;2501;0;0;0;0;0;0;0;0;0;0;0;1150
26.21;unk_caro_440_470nm;pda;1.22E-08;536.87;0;0;0;0;0;0;0;0;0;0;0;0;0;0;0;0;0;0;0;0;0;2454;3367;3300;0;0;0;0;0;0;0;0;0;0;0;0;0;0;0;0;0;0;0;0;0;0;0;0;0;0;0;0;0;0;0;0;0;0;0;0;0;0;0;0;0;0;0;0;0;0;0;0;0;0;0;0;0;0;0;0;0;0;0;0;0;0;0;0;0;0;0;0;0;0;0;0;0;0;0;0;0;0;0;0;0;0;0;0
26.44;unk_caro_452nm_26.35min;pda;1.22E-08;536.87;0;0;0;0;0;0;959;1312;0;0;0;0;0;0;0;0;0;0;0;0;0;0;1100;0;0;0;0;0;0;0;0;0;0;0;0;0;0;0;681;0;0;827;0;0;0;0;0;0;0;0;0;0;0;0;0;0;0;0;0;0;0;0;0;0;0;0;0;0;0;0;0;0;0;0;0;0;0;0;0;0;0;0;0;0;1958;2019;2770;0;0;0;0;0;0;0;0;0;0;0;0;0;0;0;0;0;0;0;0;0
26.52;unk_caro_450nm;pda;1.22E-08;536.87;0;0;0;0;0;0;2134;0;0;0;0;0;0;0;0;0;0;0;0;0;0;0;0;0;0;0;0;0;0;0;0;0;0;0;0;0;0;0;0;0;0;1128;0;0;0;0;0;0;0;0;0;0;0;0;0;0;0;0;0;0;0;0;0;0;0;0;0;0;0;0;0;0;0;0;0;0;0;1091;1420;0;0;0;0;0;0;0;0;0;0;0;0;0;0;0;0;0;0;0;0;0;0;0;0;0;0;0;0;920
26.72;x.p.26.72;pda;1.22E-08;536.87;0;0;2294;2248;3995;0;0;0;0;0;0;0;0;0;0;1379;0;0;1894;1271;0;0;0;0;0;1240;0;0;0;0;0;0;0;0;0;0;0;0;0;0;0;0;0;0;0;0;0;0;0;0;0;0;0;0;0;0;0;0;0;0;0;0;0;0;0;0;0;0;0;0;0;0;0;0;0;0;0;0;0;0;0;0;0;0;0;0;0;0;0;0;0;0;0;0;0;0;0;0;0;0;0;0;0;0;0;0;0;0
26.87;unk_caro_467nm_26.87min;pda;1.22E-08;536.87;1439;2961;1607;0;0;2568;3633;2477;0;0;0;0;0;0;0;0;0;0;0;0;0;2752;1448;1376;6778;13664;5374;0;0;0;0;0;0;0;0;0;0;0;0;0;0;0;0;0;0;0;0;0;0;0;0;0;0;0;0;0;0;0;0;0;0;0;0;0;0;0;0;0;0;0;0;0;0;0;0;0;0;0;0;0;0;0;0;0;0;0;0;0;0;0;0;0;0;0;0;0;0;0;0;0;0;0;0;0;0;1074;0;0
26.99;unk_caro_492nm_26.99min;pda;1.22E-08;536.87;0;0;0;0;0;0;0;0;0;0;0;0;0;0;0;0;0;0;0;0;0;0;0;0;0;0;0;0;0;0;0;0;0;0;0;0;0;0;0;0;0;0;0;0;0;0;0;0;0;0;0;0;0;0;0;0;0;0;0;0;0;0;0;0;0;0;0;0;0;0;0;0;0;0;0;0;0;0;0;0;0;0;0;0;0;0;0;0;0;0;0;0;0;1330;1836;1565;0;0;0;0;0;0;0;0;0;0;0;0
27.09;unk_caro_492nm_canthaxanthin-like;pda;2.63E-08;564.84;1325;2144;0;0;0;1292;2939;3582;2959;0;0;0;0;0;0;0;0;0;0;0;0;1835;0;1292;1320;0;2843;0;0;0;1191;2492;1366;0;921;2355;1264;1380;1589;0;0;987;0;0;0;0;0;0;1501;679;1030;0;0;0;0;668;582;620;662;953;1048;1310;2154;3357;1723;3021;931;2674;1217;0;0;0;0;0;0;0;1360;0;2214;1263;1298;1512;1291;1179;0;2010;0;1431;790;1156;0;0;0;0;0;0;0;0;0;0;0;0;518;0;0;1893;1776;1321
27.22;unk_caro_423nm;pda;1.22E-08;536.87;0;0;0;0;0;0;0;0;0;0;0;0;0;0;0;0;0;0;0;0;0;0;0;0;0;0;0;0;0;0;0;0;0;0;0;0;0;0;0;0;0;1961;0;0;0;0;0;0;0;0;0;0;0;0;0;0;0;0;0;0;0;0;0;0;0;0;0;0;0;0;0;0;0;0;0;0;0;0;0;0;0;0;0;0;0;0;0;0;0;0;0;0;0;0;0;0;0;0;0;0;0;0;0;0;0;0;0;0
27.63;unk_caro_443nm;pda;1.22E-08;536.87;0;0;0;0;0;0;0;0;0;0;0;0;0;0;0;0;0;0;0;0;0;0;0;0;3226;2429;2256;0;0;0;0;0;0;0;0;0;0;0;0;0;0;0;0;0;0;0;0;0;0;0;0;0;0;0;0;0;0;0;0;0;0;0;0;0;0;0;0;0;0;0;0;0;0;0;0;0;0;0;0;0;0;0;0;0;0;0;0;0;0;0;0;0;0;0;0;0;0;0;0;0;0;0;0;0;0;0;0;0
27.72;unk_caro_420nm_27.72min;pda;1.22E-08;536.87;0;0;0;0;0;0;0;0;0;0;0;0;0;0;0;0;0;0;0;0;0;0;0;0;0;0;0;0;0;0;0;0;0;0;0;0;0;0;0;0;0;0;0;0;0;0;0;0;0;0;0;0;0;0;0;0;0;0;0;0;0;0;0;0;0;0;0;0;0;0;0;0;0;0;0;0;0;0;0;0;0;0;0;0;0;1233;1562;0;0;0;0;0;0;0;0;0;0;0;0;0;0;0;0;0;0;0;0;0
27.89;unk_caro_459nm;pda;1.22E-08;536.87;0;0;0;1250;1654;0;0;0;0;0;0;0;0;0;0;0;0;0;0;0;0;0;0;0;4577;6480;2648;0;0;0;0;0;0;0;0;0;0;0;0;0;0;0;0;0;0;0;0;0;0;0;0;0;0;0;0;0;0;0;0;0;0;0;0;0;0;0;0;0;0;0;0;0;0;0;0;0;0;0;0;0;0;0;0;0;0;0;0;0;0;0;0;0;0;0;0;0;0;0;0;0;0;0;0;0;0;0;0;0
28.09;unk_caro_450nm;pda;1.22E-08;536.87;0;0;1413;0;0;0;0;0;0;0;0;0;0;0;0;0;0;0;1047;0;1356;1847;0;1974;1724;1071;1314;0;0;0;0;0;0;0;0;0;0;0;0;0;0;0;0;0;0;0;0;0;0;0;0;0;0;0;0;0;0;1383;542;561;0;0;0;0;0;0;0;0;0;0;0;0;0;0;0;0;0;0;0;0;0;0;0;0;0;0;0;0;0;0;0;0;0;0;0;0;0;0;0;0;0;0;0;0;0;0;0;0
28.22;unk_caro_440nm;pda;1.22E-08;536.87;3400;2892;0;0;0;0;0;0;0;0;0;0;0;0;0;0;0;0;4129;2575;2900;0;0;0;1466;1530;1696;0;0;0;0;0;0;0;0;0;0;0;0;0;0;0;0;0;0;0;0;0;0;0;0;0;0;0;0;0;0;0;0;0;0;0;0;0;0;0;0;0;0;0;0;0;0;0;0;0;0;0;0;0;0;0;0;0;0;0;0;0;0;0;0;0;0;0;0;0;0;0;0;0;0;0;0;0;0;0;0;0
28.7;unk_caro_455-472nm_28.7min;pda;1.22E-08;536.87;0;0;0;0;0;0;0;0;0;0;0;0;0;0;0;0;0;0;3059;2138;2649;0;0;0;0;0;0;0;0;0;0;0;1591;782;2313;1440;0;541;0;1408;0;0;0;0;0;0;0;0;0;0;0;0;0;0;0;0;0;1080;0;690;0;0;0;0;0;0;0;0;0;0;0;0;0;0;0;0;0;0;0;0;0;0;0;0;0;0;0;0;0;0;0;0;0;0;0;0;0;0;0;0;0;0;0;0;0;0;0;0
28.81;x.p.28.81;pda;1.22E-08;536.87;2857;0;1924;0;0;0;0;0;0;0;0;0;0;0;0;0;0;0;3892;3220;4012;0;0;0;0;0;0;0;0;0;0;0;0;0;0;0;0;0;0;0;0;0;0;0;0;0;0;0;0;0;0;0;0;0;0;0;0;0;0;0;0;0;0;0;0;0;0;0;0;0;0;0;0;0;0;0;0;0;0;0;0;0;0;0;0;0;0;0;0;0;0;0;0;0;0;0;0;0;0;0;0;0;1705;0;1923;0;0;0
28.91;x.p.28.91;pda;1.22E-08;536.87;2240;3871;1953;0;0;1220;1029;982;1033;0;0;2119;0;2405;2343;0;0;0;11293;9111;10855;709;2560;1142;2777;0;0;0;0;0;0;0;1735;2092;0;0;0;0;0;0;0;0;0;0;0;0;0;0;0;0;0;0;0;0;0;0;0;0;0;0;0;0;848;696;0;1400;0;0;1042;0;0;0;0;0;0;0;0;0;1664;0;0;818;0;0;0;0;0;0;0;0;0;0;0;0;0;0;0;0;0;0;2590;2136;1123;0;0;0;0;0
28.98;x.p.28.98;pda;1.22E-08;536.87;0;0;0;0;0;0;0;0;0;0;0;0;0;0;0;0;0;0;0;0;0;0;0;0;0;0;0;0;0;0;0;0;0;0;0;0;0;0;0;0;0;0;0;0;0;0;0;0;0;0;0;0;0;0;0;0;0;0;0;0;0;0;0;0;0;0;0;958;0;0;0;0;0;0;0;0;0;0;0;0;0;0;0;0;0;1064;0;0;0;0;0;0;0;0;0;0;0;0;0;0;0;0;0;0;0;0;0;0
29.12;crocoxanthin;pda;1.76E-08;550.86;12155;10942;9366;941;1266;0;11669;10107;9345;6741;5877;11465;5228;14859;13780;7743;22677;28270;119146;120707;135517;9161;11641;16289;6320;5347;6556;1334;2381;0;2878;1838;3399;10405;8799;6282;0;1121;1698;7707;4516;5706;5167;4950;6579;4253;5673;5510;570;1342;734;2448;1409;1785;2784;1355;1281;2472;1907;2304;1561;1894;2567;3544;2509;3854;0;673;2109;2023;2112;3882;554;0;1067;5100;6213;2628;3765;1426;2093;4479;2989;2857;4945;7344;5477;0;0;0;0;0;0;1053;902;780;1520;870;1678;4329;4952;6016;2767;3261;2185;1840;1396;1194
29.58;unk_caro_456nm;pda;1.22E-08;536.87;3943;3313;3186;1259;0;0;2402;3230;3044;1009;0;0;0;0;0;0;0;0;0;0;0;0;0;0;3904;0;0;0;0;0;2411;2530;3517;1361;0;0;0;1859;1560;0;0;0;0;0;0;0;0;0;0;1011;0;878;1030;668;1343;993;1373;1983;1314;1394;1061;1374;1799;1772;1998;1669;1442;1268;1434;0;0;0;0;0;0;1080;0;0;1087;1254;1204;1387;1246;1025;0;0;0;2065;1374;1632;2137;0;1405;1996;0;872;0;0;0;0;0;0;0;0;0;0;1138;1809
29.69;x.p.29.69;pda;1.22E-08;536.87;9315;9550;8738;7676;18056;0;3589;0;0;0;0;0;0;0;0;0;0;0;1307;0;0;6960;9296;6617;20243;48720;20120;0;0;0;0;0;0;5732;0;0;1495;0;0;0;0;0;0;0;0;0;0;0;0;0;0;0;823;0;1086;0;0;1152;832;525;0;0;1520;0;1754;2354;2017;2434;0;0;0;0;0;0;0;0;0;0;0;0;0;0;0;0;0;0;0;0;0;0;2138;0;0;2002;0;0;0;0;0;0;0;0;0;0;2583;3637;902;1790
29.82;echinenone;pda;2.17E-08;550.86;23381;22228;20578;13810;28432;42469;0;0;0;0;0;3427;0;1333;0;0;4463;6663;4251;3076;2523;7245;7957;5171;15951;35318;5426;0;0;0;104708;112026;125615;106633;10133;14081;0;0;0;6306.0021;to verify;3506.183602;0;0;0;0;0;0;0;0;0;2046;2199;2668;1907;2448;1969;3127;2745;2583;0;0;0;0;0;0;0;0;1602;0;0;0;0;0;0;0;0;0;877;0;0;1090;988;0;0;0;0;3585;1845;2336;0;1125;0;0;1591;2750;1277;995;0;979;2002;988;1152;0;0;2709;1682;1657
29.94;echinenone_and_chla_allomer;pda;2.17E-08;550.86;12048;8737;8877;2430;4144;0;0;0;0;0;0;0;0;0;0;0;0;0;3879;2952;2877;665;0;0;4436;9780;6034;0;0;0;0;0;0;0;0;0;0;0;0;0;0;0;0;0;0;0;0;0;0;0;0;0;0;0;0;0;0;0;0;0;0;0;0;0;0;0;0;0;0;0;0;0;0;0;0;0;0;0;0;0;0;0;0;0;0;0;0;2739;0;1040;0;0;0;0;0;0;0;0;0;0;0;0;0;0;0;0;0;0
30.49;unk_caro;pda;1.22E-08;536.87;0;0;0;0;0;0;0;0;0;0;0;0;0;0;0;0;0;0;0;0;0;0;0;0;0;0;0;0;0;0;0;0;0;0;0;0;0;0;0;0;0;0;0;0;0;0;0;0;0;0;0;0;0;0;0;0;0;0;0;0;0;1750;0;0;0;0;0;0;0;0;0;0;0;0;0;0;0;0;0;0;0;0;0;0;0;0;0;0;0;0;0;0;0;0;0;0;0;0;0;0;0;0;0;0;0;0;0;0
30.63;unk_caro_and_chla_30.63min;pda;1.22E-08;536.87;6038;0;0;3497;4118;0;0;0;0;0;0;0;0;0;0;0;0;0;3223;0;3543;3547;2947;3365;29946;43110;37662;0;0;0;4455;3856;4328;2382;1955;1800;2082;2041;0;0;0;0;0;0;0;0;0;0;0;0;0;0;0;0;0;0;0;0;0;0;0;0;0;0;0;0;2568;2085;1955;0;0;0;0;0;0;811;0;0;0;0;0;0;0;1067;0;0;0;1557;0;0;2284;0;0;0;0;930;0;0;0;0;0;0;0;0;0;1925;0;1294
31.52;unk_caro_452-475nm_31.54min_ B-E_caro_rel;pda;1.73E-08;536.87;36054;29542;25197;12020;17811;13786;3482;7677;5529;522;1558;4354;1393;2323;2689;0;3799;3300;4638;4942;5111;9254;5849;9815;17795;23267;9564;0;980;0;7636;6241;5883;3691;5306;4735;2055;2161;954;2960;to verify;to verify;0;0;0;0;0;0;0;0;0;7926;6390;6756;3690;1637;3832;7995;4553;7215;2517;1895;1662;2469;1612;1777;0;4429;3085;0;0;0;811;972;1276;1035;0;0;1305;670;1026;2086;2448;1434;0;0;0;1598;3844;3349;5082;747;1541;1228;657;1972;2408;1947;0;1368;1715;1264;3687;0;5943;2021;2551;2170
31.88;unk_caro_419-443-472nm;pda;1.22E-08;536.87;0;0;0;0;0;0;0;0;0;0;0;0;0;0;0;0;0;0;0;0;0;0;0;0;0;0;0;0;0;0;0;0;0;0;0;0;0;0;0;0;0;0;0;0;0;0;0;0;0;0;0;0;0;0;0;0;0;0;0;0;0;0;0;0;0;0;0;0;0;0;0;0;0;0;0;0;0;0;0;0;0;0;0;0;0;0;0;0;0;0;0;0;0;5665;7826;0;0;0;0;0;0;0;0;0;0;0;0;0
31.92;B-E-carotene;pda;1.73E-08;536.87;144115;140757;136016;56709;60232;54225;23813;20187;24059;4199;5430;9634;3601;15552;16136;5283;22719;0;55654;113721;103164;24106;25220;35317;33958;30386;29851;0;0;0;12814;17013;17502;25416;24162;17301;4640;1909;5063;8382;5376;7909;4588;5683;6617;6404;8556;6888;5453;3634;2772;0;0;0;0;0;0;0;0;0;5493;8572;8309;8122;8275;9073;12213;15494;16073;2830;2210;3552;1169;0;1278;5941;6253;3127;6375;3703;4660;7577;7741;8829;4081;7061;6333;5037;5669;5932;10456;5706;6364;7200;5621;7766;8777;3256;2998;5292;5703;7495;6045;3493;7838;7946;12938;6367
31.92;B-B-carotene_B-E-carotene_mix_31.91min;pda;1.22E-08;536.87;0;0;0;0;0;0;0;0;0;0;0;0;0;0;0;0;0;0;0;0;0;0;0;0;0;0;0;0;0;0;0;0;0;1040;1210;1802;0;0;0;0;0;0;0;0;0;0;0;0;0;0;0;52271;37108;39313;35867;19026;22685;48842;46330;48716;0;0;0;0;0;0;0;0;0;0;0;0;0;0;0;0;0;0;0;0;0;0;0;0;0;0;0;0;0;0;0;0;0;0;0;0;0;0;0;0;0;0;0;0;0;0;0;0
31.93;B-B-carotene;pda;1.22E-08;536.87;130441;95869;94529;22007;45920;34141;14127;19179;12672;7087;4320;1868;3027;6876;7160;3913;8059;28090;13441;29178;10219;38129;34522;35846;63279;105249;59920;3444;5149;3032;50145;47058;56469;33416;31030;29898;17245;21048;17992;22571;5725;11111;4678;9821;10480;0;0;0;4815;4057;3964;0;0;0;0;0;0;0;0;0;7482;5319;9007;7355;6341;8755;11542;12945;13767;1938;1483;2566;1072;1707;1016;7121;1935;2171;8599;7971;8275;13863;11268;12673;1902;1586;2041;8950;0;8991;13530;6457;6799;0;0;8066;5676;2562;3176;11906;13648;6151;22631;3808;46074;0;18396;22324
